{"current":{"logo_use_image":true,"logo_img_height":"","logo_max_height":"100","favicon_enable":true,"preloader_enable":false,"base_font":"Google+Lora","type_base_size":"16px","body_weight_size":"500","text_spacing":"0","header_font":"Google+Quicksand","type_weight_size":"bold","type_uppercase":false,"heading_spacing":"0","type_header_base_size":"50","type_header_base_size_2":"48px","type_header_base_size_3":"34px","type_header_base_size_4":"30px","type_header_base_size_5":"24px","type_header_base_size_6":"20px","sub_header_font":"Google+Lora","other_font":"Google+Gentium+Book+Basic","special_font":"Google+Great+Vibes","color_body_bg":"#ffffff","enable_bg_image":true,"body_bg_image":"shopify:\/\/shop_images\/body-bg.jpg","overlay_bg":"#000000","color_borders":"#f9b0a9","black_borders":"#181818","color_primary":"#f95441","color_primary_border":"#f9b0a9","color_button_primary_text":"#ffffff","primary_hover_btn":"#000000","primary_hover_btn_text":"#ffffff","color_secondary":"#000000","color_secondary_border":"#f9b0a9","color_sold":"#696969","color_sold_text":"#ffffff","sale_bg":"#f95441","sale_button_text":"#ffffff","new_bg":"#f95441","new_button_text":"#ffffff","offer_bg":"#ea4f19","offer_button_text":"#ffffff","color_body_text":"#000000","link_color":"#f95441","color_primary_color":"#000000","title_border":"#f9b0a9","heading_image_need":true,"color_heading_type1_color":"#000000","color_heading_color":"#000000","secondary_image_use":false,"show_img_height":false,"products_img_height":"","products_img_height_tab":"","product_row_mob":"single","overlay_use":false,"product_overlay":"rgba(0,0,0,0)","products_icon_bg":"#f95441","products_icon_clr":"#ffffff","products_icon_hover_bg":"#000000","products_icon_hover_clr":"#ffffff","products_gutter":"15","products_border_radius":"0","products_border_full":false,"products_full_border_width":"1","products_full_border":"#f9b0a9","products_full_hover_border":"#f95441","products_border_use":false,"products_border_width":"1","products_border":"#f9b0a9","products_border_2":"#f95441","products_det_bg":"rgba(0,0,0,0)","product_title_bg_color":"rgba(0,0,0,0)","product_title_color":"#3c3834","product_title_hover_color":"#f95441","product_price":"#000000","product_cmp_price":"#aaaaaa","product_vendor":"#505050","product_label_color":"#000000","show_ex_tax":true,"ex_tax":"Ex of Sale Tax","sidebar_bg":"#f9b0a9","sidebar_text":"#000000","use_breadcrumb":true,"breadcrumb_bg_image":true,"breadcrumb_image":"shopify:\/\/shop_images\/slider.jpg","color_image_overlay":"rgba(0,0,0,0)","breadcrumb_text_color":"#ffffff","breadcrumb_text_hover_color":"#ff0000","image_overlay_opacity":100,"top_to_btm":false,"header_style_1":"style_7","use_sticky_header":true,"redirect_button":"link_to","enable_quick_view":true,"show_prt_quickview_desc":true,"display_quick_availability":true,"display_quick_subtotal":true,"animae_enable":true,"collections_show_sale_circle":true,"collections_show_sold_out_circle":true,"offer_price_enable":false,"collections_show_new_circle":true,"display_vendor":true,"display_subtotal":true,"enable_add_cart":true,"enable_compare":false,"enable_wishlist":true,"display_color_variant":false,"display_item_size":false,"product_review":false,"enable_sidebar_multiple_choice":true,"color_tooltip":true,"enable_filters":true,"collection_sidebar_use":"left_sidebar","collection_sidebar_mobile":true,"product_page_sidebar":"full_width","product_sidebar_mobile":true,"blog_page_sidebar":"left_sidebar","collection_infinite_scrolling":false,"infinity_scroll_feature":true,"use_custom_list_collection":true,"list-collections":"main-menu","collection_btn_text":"View All","single_product_layout_type":"layout_style_1","display_availability":true,"enable_color_swatch":true,"option_color_swatch":"Color","color_swatch_style":"variant_grouped","enable_linked_option":true,"enable_zoom_option":true,"cart_notes_enable":true,"use_ajax_cart":true,"cart_title_bg":"#f1f1f1","cart_title_clr":"#181818","ajax_cart_method":"drawer","show_shipping_calculator":true,"shipping_calculator_heading":"Get shipping estimates","shipping_calculator_default_country":"United States","search_grid":"4","search_results_per_page":"12","search_model":"search_type1","display_fixtop_menu":true,"show_search_prt":true,"enable_search_trending":true,"trending_search_title":"trending","trending_search_item_1":"dempus","trending_search_item_2":"sample","trending_search_item_3":"magnis","trending_search_item_4":"loremous saliduar","trending_search_item_5":"naminos","trending_search_item_6":"dinterdum","enable_search_popular_products":true,"popular_products_search_title":"Popular Products","popular_products_collection":"","popular_products_limit":3,"display_popup_newsletter":true,"pop_up_newsletter_img_show":true,"popup_newsletter_bg":"#ffffff","popup_newsletter_title":"Join Our Newsletter","popup_newsletter_sub_title":"Huge Discount","popup_newsletter_message":"Get Upto <span>20%<\/span> Off on your order.","popup_newsletter_title_color":"#f95441","popup_newsletter_text":"#000000","popup_newsletter_form":"#ffffff","popup_newsletter_form_txt":"#000000","popup_newsletter_form_txt_hvr":"#f95441","form_note":"Signup for exclusive updates, new arrivals & insider only discounts","popup_social_enable":true,"social_link":"#000","social_link_hover":"#f95441","count_down_enable":true,"count_down_home":true,"count_down_collections":true,"count_down_prodetails":true,"prodetail_deal_label":true,"prodetail_deal_heading":"Hurry, Only few item(s) left!","home_productdeal_time":"4049669783661@10\/24\/2020_00:00:00\n3236665851985@10\/24\/2019_00:00:00","dealbtn":"#181818","dealbtn_text":"#ffffff","enable_ask_an_expert":true,"ask_an_expert":"Have Questions? Ask An Expert","ask_an_expert_header":"Have Questions?","ask_an_expert_title":"Ask Our Expert.","ask_an_expert_des":"We will follow up with you via email within 24-36 hours","ask_an_expert_questions":"Fill the form given below,","enable_ask_do_you_need":true,"ask_do_you_need":"Do You Need","ask_do_you_need_1":"Pricing","ask_do_you_need_2":"Answers","ask_do_you_need_3":"Both","ask_form_mess":"What can i help you with today ?","enable_how_would_you_like_me_to_contact_you":true,"how_would_you_like_me_to_contact_you":"How can i contact you?","contact_with_you_1":"Phone","contact_with_you_2":"Email","contact_with_you_3":"Both","social_twitter_link":"#","social_facebook_link":"#","social_pinterest_link":"#","social_google_plus_link":"","social_instagram_link":"","social_tumblr_link":"","social_youtube_link":"","social_vimeo_link":"","social_fancy_link":"","social_rss_link":"","social_linkedin_link":"","social_sharing_blog":true,"social_sharing_count":true,"share_facebook":true,"share_twitter":true,"share_pinterest":true,"share_google":true,"social_sharing_style":"is-clean","enable_shopify_payments_currencies":false,"enable_multiple_currencies":false,"enable_auto_currency":false,"currency_1_unit":"USD","currency_2_unit":"EUR","currency_3_unit":"GBP","currency_4_unit":"AUD","currency_5_unit":"","currency_6_unit":"","currency_7_unit":"","currency_8_unit":"","currency_9_unit":"","currency_10_unit":"","password_bg_img":true,"password_logo":true,"logo_txt_color":"#f95441","pwd_header":"Opening Soon","pwd_header_color":"#f95441","pwd_show_share_buttons":true,"pwd_social_message":"Spread the word","pwd_newsletter_enable":true,"pwd_newsletter_form_heading":"Be the first to know when we launch.","pwd_newsletter_form_heading_clr":"#000000","pwd_newsletter_inpt_bg":"#ffffff","pwd_newsletter_btn_bg":"#f95441","pwd_newsletter_btn_txt":"#ffffff","pwd_newsletter_btn_hoverbg":"#000000","pwd_newsletter_btn_hovertxt":"#ffffff","pwd_placeholder_txt":"#f95441","pwd_newsletter_placeholder":"Email address","pwd_newsletter_button_text":"Notify me","social_title_clr":"#f95441","social_icon_clr":"#f95441","social__icon_hoverclr":"#f95441","checkout_header_image":"","checkout_use_storefront_logo":true,"checkout_logo_image":"","checkout_logo_position":"left","checkout_logo_size":"medium","checkout_body_background_image":"","checkout_body_background_color":"#fff","checkout_input_background_color_mode":"white","checkout_sidebar_background_image":"","checkout_sidebar_background_color":"#fafafa","checkout_heading_font":"Roboto","checkout_body_font":"Lora","checkout_accent_color":"#f95441","checkout_button_color":"#f95441","checkout_error_color":"#f45b4f","display_size_chart":"false","display_size_chart_at":"Size","size_guide_text":"Size Guide","custom_size_chart_header":"Size Chart","size_chart":"none","custom_size_chart":"","footer_style_1":"style_10","breadcrumb_bg_color":"#000000","popup_news_close":"#181818","popup_newsletter_off_text":"Join Our Newsletter","logo_mob_height":"95","light_color":"#fef2f0","product_hover_overlay":"#4e4e53","enable_product_detail_link_icon":false,"sub_title":"On New Arrivals","offer_text":"Offer","newsletter_offer_bg":"#ffe800","display_currency":"true","homepage_sidebar":"false","homepage_sidebar_mobile":"true","btn_transparent":"false","sections":{"sidebar-category":{"type":"sidebar-category","settings":{"enable_sidecategory":true,"linkedlist":"sidebar-menu","linkedlist_title":"Category"}},"sidebar-bestsellers":{"type":"sidebar-bestsellers","settings":{"show_best_products":true,"title":"Best Sellers","bestseller":"frontpage","limi":"4"}},"sidebar-promoimage":{"type":"sidebar-promoimage","settings":{}},"sidebar-colors":{"type":"sidebar-colors","blocks":{"1477476872443":{"type":"image","settings":{"title":"Sandal","color":"#a89166"}},"1477476837114":{"type":"image","settings":{"title":"Blue","color":"#0f0212"}},"1477476905451":{"type":"image","settings":{"title":"Black","color":"#000000"}},"1477476891997":{"type":"image","settings":{"title":"Red","color":"#ff0000"}},"1558348408378":{"type":"image","settings":{"title":"Green","color":"#00ff00"}},"1596794414821":{"type":"image","settings":{"title":"Pink","color":"#f6bdf7"}}},"block_order":["1477476872443","1477476837114","1477476905451","1477476891997","1558348408378","1596794414821"],"settings":{"enable_shop_by_tags_1":true,"shop_by_tags_1_title":"Shop By Color"}},"sidebar-tag-filters":{"type":"sidebar-tag-filters","blocks":{"1477476983857":{"type":"text","settings":{"enable_shop_by_tags":true,"shop_by_tags_title":"Shop By Size","shop_by_tags_list":"L, M, S, XL, XXL"}},"1477477078599":{"type":"text","settings":{"enable_shop_by_tags":true,"shop_by_tags_title":"Shop By Price","shop_by_tags_list":"$100 - $200, $200 - $300, $300 - $400, $400 - $500, $500 - $700, $700- $1000"}},"1477476999076":{"type":"text","settings":{"enable_shop_by_tags":true,"shop_by_tags_title":"Shop By Brand","shop_by_tags_list":"Florist, Blossom, Greenhouse, Rainbow, Bloom"}},"1556861180828":{"type":"text","settings":{"enable_shop_by_tags":true,"shop_by_tags_title":"Shop By Type","shop_by_tags_list":"Biedermeier, Posy, Nosegay, Hand-Tie, Contemporary"}}},"block_order":["1477476983857","1477477078599","1477476999076","1556861180828"],"settings":{}},"faqs":{"type":"faqs","blocks":{"1483333359453":{"type":"text","settings":{"title":"How will my order be delivered to me?","description":"<b>Answer :<\/b><br>\nLorem ipsum dolor sit amet, consectetur adipiscing elit, sed do eiusmod tempor incididunt ut labore et dolore magna aliqua. Ut enim ad minim veniam, quis nostrud exercitation ullamco laboris nisi ut aliquip ex ea commodo consequat. Duis aute irure dolor in reprehenderit in voluptate velit esse cillum dolore eu fugiat nulla pariatur. Excepteur sint occaecat cupidatat non proident, sunt in culpa qui official."}},"1483333363494":{"type":"text","settings":{"title":"what do I need to know?","description":"<b>Answer :<\/b><br>\nLorem ipsum dolor sit amet, consectetur adipiscing elit, sed do eiusmod tempor incididunt ut labore et dolore magna aliqua. Ut enim ad minim veniam, quis nostrud exercitation ullamco laboris nisi ut aliquip ex ea commodo consequat. Duis aute irure dolor in reprehenderit in voluptate velit esse cillum dolore eu fugiat nulla pariatur. Excepteur sint occaecat cupidatat non proident, sunt in culpa qui official."}},"1483333365467":{"type":"text","settings":{"title":"How will I know if order is placed successfully?","description":"<b>Answer :<\/b><br>\nLorem ipsum dolor sit amet, consectetur adipiscing elit, sed do eiusmod tempor incididunt ut labore et dolore magna aliqua. Ut enim ad minim veniam, quis nostrud exercitation ullamco laboris nisi ut aliquip ex ea commodo consequat. Duis aute irure dolor in reprehenderit in voluptate velit esse cillum dolore eu fugiat nulla pariatur. Excepteur sint occaecat cupidatat non proident, sunt in culpa qui official."}},"1483333367109":{"type":"text","settings":{"title":"How do I check the status of my order?","description":"<b>Answer :<\/b><br>\nLorem ipsum dolor sit amet, consectetur adipiscing elit, sed do eiusmod tempor incididunt ut labore et dolore magna aliqua. Ut enim ad minim veniam, quis nostrud exercitation ullamco laboris nisi ut aliquip ex ea commodo consequat. Duis aute irure dolor in reprehenderit in voluptate velit esse cillum dolore eu fugiat nulla pariatur. Excepteur sint occaecat cupidatat non proident, sunt in culpa qui official."}},"1483333368739":{"type":"text","settings":{"title":"Can I cancel my order?","description":"<b>Answer :<\/b><br>\nLorem ipsum dolor sit amet, consectetur adipiscing elit, sed do eiusmod tempor incididunt ut labore et dolore magna aliqua. Ut enim ad minim veniam, quis nostrud exercitation ullamco laboris nisi ut aliquip ex ea commodo consequat. Duis aute irure dolor in reprehenderit in voluptate velit esse cillum dolore eu fugiat nulla pariatur. Excepteur sint occaecat cupidatat non proident, sunt in culpa qui official."}},"1483333369796":{"type":"text","settings":{"title":"Do you allow exchanges?","description":"<b>Answer :<\/b><br>\nLorem ipsum dolor sit amet, consectetur adipiscing elit, sed do eiusmod tempor incididunt ut labore et dolore magna aliqua. Ut enim ad minim veniam, quis nostrud exercitation ullamco laboris nisi ut aliquip ex ea commodo consequat. Duis aute irure dolor in reprehenderit in voluptate velit esse cillum dolore eu fugiat nulla pariatur. Excepteur sint occaecat cupidatat non proident, sunt in culpa qui official."}},"1483333371707":{"type":"text","settings":{"title":"What are the shipping charges?","description":"<b>Answer :<\/b><br>\nLorem ipsum dolor sit amet, consectetur adipiscing elit, sed do eiusmod tempor incididunt ut labore et dolore magna aliqua. Ut enim ad minim veniam, quis nostrud exercitation ullamco laboris nisi ut aliquip ex ea commodo consequat. Duis aute irure dolor in reprehenderit in voluptate velit esse cillum dolore eu fugiat nulla pariatur. Excepteur sint occaecat cupidatat non proident, sunt in culpa qui official."}}},"block_order":["1483333359453","1483333363494","1483333365467","1483333367109","1483333368739","1483333369796","1483333371707"],"settings":{}},"header-model-1":{"type":"header-model-1","settings":{"display_wishlist":true,"display_search":true,"display_minicart":true,"currency_icon":"#ffffff","currency_icon_hover":"#ffffff","logo_bar_bg":"#ffffff","logo_text":"#ffffff","logo_hover_text":"#a7b3ab","border_between_bars":"#e4e4e4","search_icon":"#ffffff","search_icon_hover":"#a7b3ab","search_bg":"#ffffff","search_text":"#ffffff","minicart_icon":"#ffffff","minicart_icon_hover":"#a7b3ab","minicart_link":"#ffffff","minicart_link_hover":"#a7b3ab","menubar_bg":"#532798","menubar_links":"#ffffff","menubar_links_hover":"#a7b3ab","menu_active":"#a7b3ab","menubar_dropdown_bg":"#fff","menubar_dropdown_caption":"#000000","menubar_dropdown_caption_hover":"#a7b3ab","menubar_dropdown_links":"#000000","menubar_dropdown_links_hover":"#a7b3ab"}},"header-model-4":{"type":"header-model-4","settings":{"display_top_bar":false,"display_top_adv_bar_mobile":true,"header_text_1":"FREE SHIPPING & RETURN","header_text_2":"MONEY BACK GUARANTEE","header_text_3":"ONLINE SUPPORT 24\/7","header_phone_label":"Call Us","header_phone_value":"(00) 000 111 222","header_mail_label":"Mail","header_mail_value":"info@somedomain.com","stripe_icon":"#000","stripe_icon_hover":"#35b8f4","stripe_bg":"#fff","stripe_text":"#000","stripe_link":"#000","stripe_link_hover":"#000","stripe_border_between_bars":"#e4e4e4","display_top_bar_icon":false,"top_bar_menu":"main-menu","display_wishlist":false,"top_bar_bg":"#fff","top_bar_links":"#000","top_bar_link_hover":"#35b8f4","top_border_between_bars":"#e4e4e4","display_search":true,"display_minicart":true,"logo_bar_bg":"#ffffff","logo_text":"#413d3c","logo_hover_text":"#a7b3ab","currency_icon":"#413d3c","currency_icon_hover":"#a7b3ab","search_icon":"#413d3c","search_icon_hover":"#a7b3ab","search_bg":"#fff","search_text":"#413d3c","minicart_count":"#ffffff","minicart_count_bg":"#413d3c","minicart_count_hover_bg":"#a7b3ab","minicart_count_hover_text":"#ffffff","minicart_link":"#413d3c","minicart_link_hover":"#a7b3ab","menubar_bg":"#413d3c","clr_border_image":false,"menu_border_bg":"","menubar_links":"#ffffff","menubar_links_hover":"#a7b3ab","menu_active":"#a7b3ab","menubar_dropdown_bg":"#fff","menubar_dropdown_caption":"#413d3c","menubar_dropdown_caption_hover":"#a7b3ab","menubar_dropdown_links":"#413d3c","menubar_dropdown_links_hover":"#a7b3ab"}},"header-model-5":{"type":"header-model-5","settings":{"display_search":true,"display_minicart":true,"display_wishlist":true,"logo_bg_img":"","logo_bar_bg":"#ffffff","logo_text":"#181818","logo_hover_text":"#532798","currency_icon":"#181818","currency_icon_hover":"#532798","dropdown_icon":"#181818","dropdown_icon_hover":"#532798","dropdown_bg":"#fff","dropdown_link":"#181818","dropdown_hover_link":"#532798","search_icon":"#181818","search_icon_hover":"#532798","search_bg":"#ffffff","search_text":"#000000","minicart_count":"#ffffff","minicart_count_bg":"#532798","minicart_count_hover_bg":"#181818","minicart_count_hover_text":"#ffffff","minicart_bg":"#ffffff","minicart_text":"#181818","minicart_link":"#181818","minicart_link_hover":"#532798","minicart_btn_bg":"#ffffff","minicart_btn_hover_bg":"#532798","minicart_btn_text":"#181818","minicart_btn_hover_text":"#ffffff","minicart_total":"#181818","menubar_bg":"#ffffff","menubar_links":"#181818","menubar_links_hover":"#9655ff","menu_active":"#9655ff","menubar_dropdown_bg":"#fff","menubar_dropdown_caption":"#181818","menubar_dropdown_caption_hover":"#532798","menubar_dropdown_links":"#181818","menubar_dropdown_links_hover":"#532798"}},"header-model-7":{"type":"header-model-7","settings":{"display_top_bar":false,"top_bar_bg":"#ffffff","top_bar_text":"#000","top_bar_links":"#000000","top_bar_link_hover":"#f95441","header_phone_value":"(00) 000 111 222","display_phone_mob":true,"header_mail_value":"info@somedomain.com","display_mail_mob":true,"store_location":"Store Location","store_location_link":"","track_your_order":"Track Your Order","track_your_order_link":"","currency_icon":"#000000","currency_icon_hover":"#000000","display_search":true,"display_all_category":true,"all_categories":"","categories_bg":"#fff","categories_text":"#000","display_minicart":true,"display_wishlist":true,"logo_bar_bg":"#fee6e3","logo_text":"#000000","logo_hover_text":"#f95441","search_icon":"#000000","search_icon_hover":"#f95441","search_bg":"#ffffff","search_text":"#787878","count_bg":"#f79289","minicart_icon":"#ffffff","count_hover_bg":"#f79289","minicart_icon_hover":"#000000","minicart_link":"#484338","minicart_link_hover":"#f79289","menubar_bg":"#ffffff","menubar_links":"#5a5556","menubar_links_hover":"#f95441","menu_active":"#f95441","menubar_dropdown_bg":"#fff","menubar_dropdown_caption":"#000000","menubar_dropdown_caption_hover":"#f95441","menubar_dropdown_links":"#000000","menubar_dropdown_links_hover":"#f95441"}},"footer-model-1":{"type":"footer-model-1","settings":{"footer_bg_clr":"#ebebeb","footer_border_image":true,"footer_border_bg":"","footer_border":"#423f3f","footer_bg_img":true,"image_1":"","footer_heading_clr":"#d76e6e","footer_txt_clr":"#9f4343","footer_link_clr":"#4cc26f","footer_link_hover_clr":"#39389d","copyright_clr":"#ffffff","copyright_link":"#4cc26f","copyright_link_hover":"#717171","footer_menu_clr":"#717171","footer_menu_hover_clr":"#000","show_footer_text":true,"footer_text":"About us","footer_short_text":"Pellentesque posuere orci lobortis scelerisque blandit. Donec id tellus lacinia an, tincidunt risus ac, consequat velit.Donec id tellus lacinia an, tincidunt risus ac, consequat velit","abt_link_clr":"#e7304c","abt_link_hover_clr":"#000","abt_link_text":"Read More","abt_link":"\/collections\/all","footer_menu_1":"main-menu","footer_menu_1_title":"Footer menu 1","footer_menu_2":"footer","footer_menu_2_title":"Footer menu 2","footer_menu_3":"main-menu","footer_menu_3_title":"Footer menu 3","show_contact":true,"footer_menu_4_title":"Contact us","footer_address":"11244 Niki Lauda 455 Newzealand","footer_contact_no":"Hotline : 8 (495) 989—20—11","office_hours":"Open - Close : 09:00 - 21:00","footer_contact_id":"Mail: hello@somedomain.com","footer_contact_link":"hello@somedomain.com","footer_social_enable":true,"social_title":"Connect with us","social_link":"#5f5d5d","social_link_hover":"#ffffff","footer_menu":true,"footer":"footer","footer_show_methods_of_payment":true,"payment_color":"#000000","payment_hover_color":"#d5d5cd","show_powered_by":true,"copyright":"Copyright"}},"footer-model-2":{"type":"footer-model-2","settings":{"footer_bg":false,"footer_bg_img":"","disable_animation":true,"footer_bubble":"","footer_bg_color":"#f4f4f4","show_footer_logo":true,"footer_logo":"","footer_logo_alt":"Huge","footer_border_clr":"#b6e32e","footer_title_clr":"#80a814","footer_text_clr":"#29d9cb","link_clr":"#d8ef1b","footer_link_hover_clr":"#81cf1e","show_contact":true,"footer_contact_title":"Contact us","font_class_1":"fas fa-home","footer_address":"520,West valey, Anim ad minim,","font_class_2":"fas fa-phone","footer_contact_no":"+91 1234567890","footer_contact_id":"mail@somedomain.com","font_class_3":"far fa-envelope","footer_contact_link":"mail@somedomain.com","footer_social_enable":true,"social_title":"Share with us","social_txt":"Special offers on social networks","social_link_border_clr":"#e84646","footer_link_clr":"#e84646","social_link_hover_clr":"#ffffff","social_link_bghover_clr":"#c0c276","footer_newsletter_enable":true,"title":"Newsletter","text":"Subscribe our newsletter","instagram_use":true,"footer_show_methods_of_payment":true,"footer_dec":"Pellentesque posuere orci lobortis scelerisque blandit. Donec id tellus lacinia an, tincidunt risus ac, consequat velit.","show_powered_by":true,"copyright":"Copyright","copyright_bg":"#000","copyright_text":"#ffffff","copyright_link":"#ffffff","copyright_link_hover":"#e9ef16"}},"footer-model-4":{"type":"footer-model-4","settings":{"footer_bg":"#faecef","footer_title":"#170a0a","footer_text":"#1b1921","footer_link":"#271c1c","footer_link_hover":"#e5758d","footer_logo_enable":true,"footer_logo":"","welcome_text":"Pellentesque posuere orci lobortis scelerisque blandit. Donec id tellus lacinia an, tincidunt risus ac, consequat velit. Quisquemos sodales suscipit tortor ditaemcos condimentum lacus meleifend menean viverra auctor blanditos.","footer_social_enable":true,"footer_social_link":"#000000","footer_social_link_hover":"#ffffff","footer_social_link_hover_border":"#e5758d","footer_social_link_hover_bg":"#e5758d","footer_about_section":true,"show_footer_best_products":true,"footer_best_heading":"Best sellers","footer_bestseller_collection":"","footer_bestseller_collection_limit":"4","enable_footer_by_tags":true,"footer_tags_heading":"Tags","footer_by_tags_list_tags":"Fashion, Beauty, Handbag, Shoes, Cosmetics, Tote, Kids, Jewel","footer_tag_link":"#000000","footer_tag_link_hover":"#ffffff","footer_tag_link_border":"#000000","footer_tag_link_hover_border":"#e5758d","footer_tag_link_hover_bg":"#e5758d","use_footer_links":true,"footer_menu_4_title":"Support","footer_menu_4":"footer","footer_contact_enable":true,"footer_contact_heading":"We are @","address_heading":"Address","footer_address":"No: 58 A, East Madison Street,<br>\r\nBaltimore, MD, USA 4508","email_heading":"Email","footer_email":"buddhathemes@somemail.com","footer_email_2":"support@somemail.com","phone_heading":"Phone","footer_phone":"+91 1234567890","footer_phone_2":"0803 - 080 - 3082","fax_heading":"Fax","footer_fax_no":"2542 2445 2566","use_footer_bottom":true,"footer_bottom_bg":"#151515","copyright_text":"#ffffff","copyright_link":"#ffffff","copyright_link_hover":"#e5758d","copyright":"Copyright","use_powered_by":true,"footer_show_methods_of_payment":true}},"footer-model-5":{"type":"footer-model-5","settings":{"footer_left_bg":false,"footer_left_bg_img":"","footer_left_bg_color":"#c54c4c","footer_title":"#d4d4d4","footer_text":"#fff","footer_link":"#ffffff","footer_link_hover":"#000000","footer_logo_enable":true,"footer_logo":"","welcome_text":"Lorem ipsum dolor sit amet, consectetuer adipiscing elit, sed diam nonummy nibh euismod tincidunt ut laoreet dolore magna aliquam erat volutpat. Ut wisi enim ad minim veniam, quis nostrud exerci tation ullamcorper suscipit lobortis nisl ut aliquip ex ea commodo consequat.","footer_show_methods_of_payment":true,"payment_title":"Payment Method","payment_text":"Lorem ipsum dolor sit amet, consectetuer adipiscing elit, sed diamLorem ipsum dolor sit amet, consectetuer adipiscing elit, sed diam","footer_social_enable":true,"social_title":"Connect with us","social_subheading":"Follow us on","footer_about_section":true,"footer_right_bg":"#aa2b2b","footer_menu_1":"footer","footer_menu_1_title":"Footer menu 1","footer_menu_2":"footer","footer_menu_2_title":"Footer menu 2","footer_menu_3":"footer","footer_menu_3_title":"Footer menu 3","show_contact":true,"footer_icon_bg":"#000","footer_icon_text":"#ffffff","footer_menu_4_title":"Contact us","footer_address":"Address : No 40 Baria Sreet 133\/2 NewYork City, NY, United States.","footer_contact_no":"Phone 1 : 0123456789 <br> Phone 2 : 0123456789","footer_contact_id":"Email : support@lovefashion.com","footer_contact_link":"support@lovefashion.com","use_footer_bottom":true,"copyright":"Copyright","copyright_border":"#000","copyright_text_clr":"#ffffff","copyright_link":"#ffffff","copyright_link_hover_clr":"#000","use_powered_by":true}},"footer-model-6":{"type":"footer-model-6","settings":{"footer_bg":"#ffffff","footer_text":"#181818","footer_about_section":true,"footer_logo_enable":true,"footer_logo":"","welcome_text":"Lorem ipsum dolor sit amet, consectetur adipiscing elit, sed do eiusmod tempor incididunt ut labore et dolore magna aliqua. Ut enim ad minim veniam, quis nostrud exercitation ullamco laboris nisi ut aliquip ex ea commodo consequat.","footer_link":"#181818","color_footer_link_hover":"#532798","footer_menu_1_title":"Categories","footer_menu_1":"","footer_menu_2_title":"Links","footer_menu_2":"","footer_newsletter_enable":true,"border_top_clr":"#e6e6e6","footer_newsletter_title":"Newsletter Subscription","input_bg":"#f5f6fa","input_text":"#a0a0a0","newsletter_btn_bg":"rgba(0,0,0,0)","newsletter_btn_text":"#181818","color_footer_news_btn_bg":"rgba(0,0,0,0)","color_footer_news_btn_text":"#532798","footer_social_enable":true,"footer_social_title":"Social","social_icon_clr":"#181818","social_icon_hover_clr":"#532798","footer_show_methods_of_payment":true,"footer_payment_title":"Payment","show_contact":true,"footer_contact_title":"Contact us","footer_address":"270 Lakewood St, <br>Capitol Heights, MD 20743","footer_contact_no":"(999) 336 - 2253","footer_contact_no_2":"(600) 225 - 2246","footer_contact_id":"info@abundance.com","footer_contact_link":"info@abundance.com","footer_contact_id_2":"sales@abundance.com","footer_contact_link_2":"sales@abundance.com","use_footer_bottom":true,"footer_bottom_bg":"#e6e6e6","footer_bottom_text":"#181818","footer_bottom_text_hover":"#532798","footer_menu_border":"#ffffff","footer_menu_4":"","copyright_bg":"rgba(0,0,0,0)","copyright_text":"#a0a0a0","copyright_color":"#a0a0a0","copyright_link_color":"#532798","copyright":"Copyright","use_powered_by":true}},"product-sidebar-deals":{"type":"product-sidebar-deals","settings":{"show_best_products":true,"title":"Hot Deals","dealitems":"anniversary","dealbtn":"#ffffff","dealbtn_text":"#181818","limit":"4"}},"footer-model-9":{"type":"footer-model-9","settings":{"footer_bg_clr":"#fff","show_footer_overlay":true,"overlay_bg_color":"#000","footer_bg_img":true,"image_1":"","footer_text":"#ffffff","footer_menu_1_title":"Help","footer_menu_1":"footer","footer_menu_2_title":"Support","footer_menu_2":"","footer_menu_3_title":"Information","footer_menu_3":"","show_contact":true,"footer_contact_title":"Contact us","footer_address":"No: 58 A, East Madison Street,\nBaltimore, MD, USA 4508","footer_contact_no":"+91 12345678","footer_contact_id":"support@somemail.com","footer_contact_link":"support@somemail.com","footer_link":"#aaaaaa","color_footer_link_hover":"#cca471","footer_icons_bg":"#030d1d","footer_social_enable":true,"social_title":"Connect with us","footer_social_link":"#000","footer_social_link_hover":"#000","footer_show_app_store":true,"app_title":"Download our app","app_store_1":"","app_store_1_link":"","app_store_2":"","app_store_2_link":"","app_store_3":"","app_store_3_link":"","show_powered_by":true,"copyright":"Copyright","copyright_bg":"#0e1d55","copyright_text":"#ffffff","copyright_link":"#ffffff","copyright_link_hover":"#cca471","footer_show_methods_of_payment":true,"border_clr":"#212a38"}},"product-sidebar-bestsellers":{"type":"product-sidebar-bestsellers","settings":{"show_best_products":true,"title":"Best Sellers","bestseller":"all-occasions","limit":"4"}},"header-model-9":{"type":"header-model-9","settings":{"header_phone_value":"(00) 000 111 222","header_mail_value":"info@somedomain.com","store_location":"Store Location","store_location_link":"shopify:\/\/collections\/all","track_your_order":"Track Your Order","track_your_order_link":"shopify:\/\/products\/copy-of-product-122","top_bar_text":"#000000","top_bar_links":"#000000","top_bar_link_hover":"#a7b3ab","border_between_bars":"#e4e4e4","currency_icon":"#ffffff","currency_icon_hover":"#a7b3ab","logo_bg_img":"","logo_bar_bg":"#ffffff","logo_text":"#413d3c","logo_hover_text":"#a7b3ab","dropdown_icon":"#532798","dropdown_icon_hover":"#35b8f4","dropdown_bg":"#fff","dropdown_link":"#000","dropdown_hover_link":"#35b8f4","search_icon":"#f28c8c","search_icon_hover":"#a7b3ab","search_bg":"#fff","search_text":"#000000","minicart_count":"#ffffff","minicart_icon_hover":"#35b8f4","menubar_bg":"#413d3c","menubar_links":"#ffffff","menubar_links_hover":"#000","menu_active":"#a7b3ab","menubar_dropdown_bg":"#fff","menubar_dropdown_caption":"#413d3c","menubar_dropdown_caption_hover":"#a7b3ab","menubar_dropdown_links":"#413d3c","menubar_dropdown_links_hover":"#a7b3ab"}},"sidebar-banner":{"type":"sidebar-banner","settings":{}},"collection-template":{"type":"collection-template","settings":{"show_collection_image":false,"collections_sort_enable":true,"collections_view_enable":true,"limited_view":true,"collection_grid":"3","collection_results_per_page":"12"}},"top-bar-type-1":{"type":"top-bar-type-1","settings":{"display_top_bar":true,"header_phone_label":"TOLL FREE","header_phone_value":"(00) 000 111 222","display_phone_mob":false,"header_mail_label":"MAIL INFO","display_mail_mob":false,"header_mail_value":"info@somedomain.com","top_bar_menu":"","top_bar_bg":"#413d3c","top_bar_text":"#ffffff","top_bar_links":"#ffffff","top_bar_link_hover":"#a7b3ab","top_bar_border":"#ffffff","display_wishlist":true}},"blog-sidebar-article":{"type":"blog-sidebar-article","settings":{"show_recent_articles":true,"show_recent_articles_img":true,"blog_article_limit":"3"}},"blog-sidebar-tags":{"type":"blog-sidebar-tags","settings":{"show_blog_tags":true}},"blog-sidebar-deals":{"type":"blog-sidebar-deals","settings":{"show_best_products":true,"sidebar_bg_color":"rgba(0,0,0,0)","title":"Hot Deals","dealitems":"home-2","dealbtn_border":"#ffffff","dealbtn":"#ffffff","dealbtn_text":"#000000","limit":"4"}},"blog":{"type":"blog","settings":{"blog_masonary":false,"blog_results_per_page":"8","blog_grid":"2","show_blog_4_content":true,"show_blog_4_img":true,"show_blog_4_author":false,"show_blog_4_btn":false,"show_blog_4_date":true,"show_blog_4_tag":false,"blog_bg":"rgba(0,0,0,0)","blog_design_4_title":"#000000","blog_design_4_titlehover":"#f95441","blog_design_4_datecolor":"#000000","blog_design_4_authorcolor":"#000000","blog_design_commentcolor":"#000000","blog_design_4_tag":"#000000","blog_design_4_taghover":"#f95441","btn_bg_color":"#f95441","btn_color":"#fff","btn_hover_bg_color":"#000000","btn_hover_color":"#ffffff","blog_datecolor":"#fff","blog_date_bg_color":"#f95441"}},"product-template":{"type":"product-template","blocks":{"1540372711989":{"type":"text","settings":{"class":"fas fa-money-check","class_color":"#ffffff","icon_bg_color":"#000","title":"Special offer 1 + 1 = 3","title_color":"#000","sub_title":"Get a gift","sub_title_color":"#000","desc":"Lorem ipsum dolor sit amet, consectetur adipiscing elit, sed do eiusmod tempor incididunt ut labore et dolore magna aliqua","desc_color":"#000","link":"collections\/all"}},"1540372716313":{"type":"text","settings":{"class":"fas fa-gift","class_color":"#ffffff","icon_bg_color":"#000","title":"Free reward card","title_color":"#000","sub_title":"Worth $10, $50, $100","sub_title_color":"#000","desc":"Lorem ipsum dolor sit amet, consectetur adipiscing elit, sed do eiusmod tempor incididunt ut labore et dolore magna aliqua","desc_color":"#000","link":""}},"1540372724609":{"type":"text","settings":{"class":"fas fa-truck","class_color":"#ffffff","icon_bg_color":"#000","title":"Free shipping","title_color":"#000","sub_title":"On orders over $100","sub_title_color":"#000","desc":"Fugiat nulla pariatur. Excepteur sint occaecat cupidatat non proident, sunt in culpa qui official.","desc_color":"#000","link":"\/collections\/all"}},"1540379760524":{"type":"text","settings":{"class":"fas fa-undo","class_color":"#ffffff","icon_bg_color":"#000","title":"Order return","title_color":"#000","sub_title":"Returns within 5 days","sub_title_color":"#000","desc":"Fugiat nulla pariatur. Excepteur sint occaecat cupidatat non proident, sunt in culpa qui official.","desc_color":"#000","link":"\/collections"}}},"block_order":["1540372711989","1540372716313","1540372724609","1540379760524"],"settings":{"display_product_thumb_img":true,"display_product_thumb_vertical":false,"thumb_position":"right","display_product_sku":true,"display_product_type":true,"display_vendor_type":true,"color_tooltip":true,"product_quantity_enable":true,"enable_size_chart":false,"enable_wishlist":true,"enable_cart":true,"color_cart":"#f95441","color_button_cart_text":"#ffffff","cart_hover_btn":"#000000","cart_hover_btn_text":"#fff","use_cart_width":false,"cart_size":"13px  56px","cart_font_size":"14","small_cart_size":"14px 28px","small_cart_font_size":"14","payment_button":true,"short_desc":true,"social_sharing_products":true,"secure_pay_enable":false,"secure_pay":"","display_back_in_stock":true,"text":"Thanks! We will notify you when this product becomes available!","text1":"Click Here","text2":"to be notified by email when","text3":"becomes available","error":"Please provide a valid email address.","show_video":true,"product_tab1":true,"product_tab1_heading":"Product Description","product_tab2":false,"product_tab2_heading":"Shipping details","product_tab3":true,"product_tab3_heading":"Reviews","product_related_enable":true,"related_prds_heading":"Related <span>Products<\/span>","heading_image_need":false,"heading_image":"","related_prds_title":"From this Collection","display_recently_viewed_products":true,"recently_viewed_products_title":"Recently <span>Viewed Products<\/span>","number_of_recently_viewed_products":"3","show_real_time_visitor":true,"real_time_max":100,"real_interval_time":2,"bg_count_text":"#fff","bg_count":"#f95441","show_sold_in":true,"item_prd":"3,5,6,7,8,10,12,15","item_prds":"sold in last","hours_prs":"10,15,16,17,18,20,25,35","item_hours":"hours","dpl_grouped_product":true,"grouped_title":"Frequently Bought Together","grouped_choose_options_text":"Please choose options for all selected products","choose_options":"Choose Options","enable_bundle_discount":true,"bundle_discount_text":"Get a [discount]% discount buying these products together | Erhalten Sie einen Rabatt von [discount]%, wenn Sie diese Produkte zusammen kaufen","text_countdown":"Limited-Time Offers, End in:","progressbar_1":"Please hurry, only","total_items":"100","min_items_left":"8","max_items_left":"26","progressbar_color":"#f5f5f5","progressbar_active_color":"#69c69c","title1":"{CODE: ABER10OFF}","ctext1":"<p>Extra 10<b>%<\/b> off Buy 1<\/p>","title2":"{CODE: ABER15OFF}","ctext2":"<p>Extra 15<b>%<\/b> off Buy 2<\/p>","title3":"{CODE: ABER20OFF}","ctext3":"<p>Extra 20<b>%<\/b> off Buy 3<\/p>","custom_text_block":false}},"navigation-etc":{"type":"navigation-etc","blocks":{"1592825359920":{"type":"style_3","settings":{"megamenu_items_3":"Categories"}},"1592825423033":{"type":"style_1","settings":{"megamenu_items_1":"Shop","title_featured_product":"Shop","featured_product":"","banner_first_style_1":"","link_banner_first_style_1":""}}},"block_order":["1592825359920","1592825423033"],"settings":{"pick_menu":"main-menu","logo_fix":"","display_minicart":true,"display_wishlist":true,"display_search":true,"alignment":"left","font_size_mnu_lv1":"14px","font_size_mnu_lv2":"13px","font_size_mnu_lv3":"13px","enable_sale":true,"lb_sale":"Sale","sale_item":"","bg_lb_sale":"#eb440f","color_lb_sale":"#fff","enable_new":true,"lb_new":"New","new_item":"","bg_lb_new":"#532798","color_lb_new":"#fff","enable_hot":true,"lb_hot":"Hot","hot_item":"","bg_lb_hot":"#ffbb49","color_lb_hot":"#fff","display_megamenu":true}},"social-links-menu":{"type":"social-links-menu","settings":{"social_icon_border_clr":"#34b3d3","social_icon_clr":"#35b8f4","social_hovericon_clr":"#ffffff","social_1_iconclr":"#34b3d3","social_2_iconclr":"#35538f","social_3_iconclr":"#35b8f4","social_4_iconclr":"#d53e2b","social_5_iconclr":"#35b8f4","social_6_iconclr":"#314359","social_7_iconclr":"#35b8f4","social_8_iconclr":"#35b8f4","social_9_iconclr":"#35b8f4"}},"top-bar-type-2":{"type":"top-bar-type-2","settings":{"display_top_adv_bar":true,"notification_bar_bg":"#181818","stripe_icon":"#ffffff","stripe_icon_hover":"#9655ff","notification_text":"Free shipping on all orders. No minimum purchases*","notification_text_clr":"#ffffff","notification_linktxt":"","notification_linktxt_color":"#fff","notification_hover_linktxt_color":"#9655ff","header_notification_link":"\/collections\/all"}},"order-form":{"type":"order-form","settings":{"collection":""}},"GDPR-modal":{"type":"GDPR-modal","settings":{"display_gdpr":true,"show_gdp":"center","bg_color":"#f95441","text_color":"#fff","privacy_policy_color":"#ffffff","privacy_policy_hover_color":"#000000","btn_color":"#f95441","btn_bg_color":"#ffffff","btn_hover_color":"#ffffff","btn_hover_bg_color":"#000000","content":"The cookie settings on this website are set to 'allow all cookies' to give you the very best experience. Please click Accept Cookies to continue to use the site.","privacy_policy_text":"privacy policy","privacy_policy_link":"https:\/\/policies.google.com\/","accept_cookies_text":"accept"}},"someone-purchased":{"type":"someone-purchased","blocks":{"1555932188446":{"type":"image","settings":{"product":"","from_ago":"from Blackburn, UK","time_ago":"20 minutes ago"}},"1555932203743":{"type":"image","settings":{"product":"","from_ago":"from New York, US","time_ago":"12 minutes ago"}}},"block_order":["1555932188446","1555932203743"],"settings":{"display_someone-purchased":false,"display_someone-purchased_mb":false,"show_someone-purchased":"right","someone_speed":"7000","text":"Someone recently bought a"}},"custom-text-type-1":{"type":"custom-text-type-1","blocks":{"1556789388740":{"type":"text","settings":{"class":"fas fa-gift","title":"Special Offer 1 + 1 = 3","sub_title":"","desc":"Lorem ipsum dolor sit amet, consectetur","link":""}},"1556948779285":{"type":"text","settings":{"class":"fas fa-money-check","title":"Free Reward Card","sub_title":"","desc":"Ut enim ad minim veniam, quis nostrud","link":""}},"1556948850308":{"type":"text","settings":{"class":"fas fa-truck","title":"Free Shipping","sub_title":"","desc":"Fugiat nulla pariatur. Excepteur sint","link":""}},"1556948876844":{"type":"text","settings":{"class":"fas fa-undo","title":"Order Return","sub_title":"","desc":"nisi ut aliquip ex ea commodo consequat.","link":""}}},"block_order":["1556789388740","1556948779285","1556948850308","1556948876844"],"settings":{}},"article":{"type":"article","settings":{"show_blog_4_author":true,"show_blog_4_date":true,"show_blog_4_tag":true,"blog_design_4_title":"#181818","blog_design_4_titlehover":"#f95441","blog_design_4_datecolor":"#f95441","blog_design_4_authorcolor":"#f95441","blog_design_commentcolor":"#f95441","blog_design_4_tag":"#000000","blog_design_4_taghover":"#f95441"}},"contact":{"type":"contact","settings":{"enable_gmap":true,"contact_iframe_code":"<iframe width=\"960\" height=\"578\" style=\"border:0;overflow:hidden;\" src=\"https:\/\/maps.google.co.in\/?ie=UTF8&t=m&ll=-37.823006,144.977388&spn=0.02034,0.042915&z=14&output=embed\"><\/iframe>","enable_contact_section":true,"contact_bg_img_use":false,"contact_bg_img":"","contact_bg_color":"rgba(0,0,0,0)","icontactheading_color":"#000000","contacticon_bg_color":"#f95441","contacticon_color":"#ffffff","contacticon_hoverbg_color":"#f95441","contacticonhover_color":"#ffffff","contactborder_color":"#f9b0a9","contact_phone":true,"contact_module_contact_phonetitle":"Phone","contact_icon_1":"fa fa-phone","contact_phone1":"<b>Toll-Free: <\/b> 0803 - 080 - 3081","contact_phone2":"<b>Fax: <\/b> 0803 - 080 - 3082","contact_module_email":true,"contact_module_contact_title":"Email","contact_icon_2":"fa fa-envelope","contact_module_email_1":"buddha@example.com","contact_module_email2":"support@example.com","enable_contact_address":true,"contact_icon_3":"fa fa-location-arrow","contact_module_address":true,"contact_module_address_title":"Address","contact_module_address1":"No: 58 A, East Madison Street,","contact_module_address2":"Baltimore, MD, USA\n4508","contact_form_title":"Contact Form"}},"top-bar-type-3":{"type":"top-bar-type-3","settings":{"display_top_bar":true,"top_border_between_bars":"#e4e4e4","social_title":"","header_phone_label":"Call Us","header_phone_value":"(00) 000 111 222","header_mail_label":"Mail","header_mail_value":"info@somedomain.com","top_bar_bg":"#ffffff","top_bar_text":"#000000","top_bar_links":"#000000","top_bar_link_hover":"#fc4c4b","currency_icon":"#000000","currency_icon_hover":"#fc4c4b"}},"header-model-3":{"type":"header-model-3","settings":{"display_search":true,"display_minicart":true,"display_wishlist":true,"logo_text":"#000000","logo_hover_text":"#532798","search_bg":"#9655ff","search_icon":"#000000","search_icon_hover":"#532798","search_text":"#9655ff","dropdown_icon":"#000000","dropdown_icon_hover":"#9655ff","dropdown_border":"#532798","dropdown_bg":"#ffffff","dropdown_link":"#000000","dropdown_hover_link":"#532798","minicart_icon":"#000000","minicart_icon_hover":"#532798","minicart_count":"#ffffff","minicart_count_bg":"#532798","minicart_count_hover_bg":"#000","minicart_count_hover_text":"#ffffff","minicart_link":"#000000","minicart_link_hover":"#532798","menubar_bg":"rgba(0,0,0,0)","menubar_links":"#151413","menubar_links_hover":"#532798","menu_active":"#532798","menubar_dropdown_bg":"#9655ff","menubar_dropdown_caption":"#151413","menubar_dropdown_caption_hover":"#532798","menubar_dropdown_links":"#151413","menubar_dropdown_links_hover":"#532798"}},"gallery":{"type":"gallery","blocks":{"1566567239616":{"type":"Image","settings":{"image":"","title":"Women's Body Fragrance","gallery_title":"Women's Body Fragrance","category":"","gallery_link":""}},"1566567322985":{"type":"Image","settings":{"image":"","title":"Fresh Fragrance","gallery_title":"Fresh Fragrance","category":"","gallery_link":""}},"1566567461654":{"type":"Image","settings":{"image":"","title":"Collection Name","gallery_title":"Men's Liquid Spray","category":"","gallery_link":""}},"1566567568116":{"type":"Image","settings":{"image":"","title":"Long Lasting Polish","gallery_title":"Long Lasting Polish","category":"","gallery_link":""}},"1566567638412":{"type":"Image","settings":{"image":"","title":"High Impact Mascara","gallery_title":"High Impact Mascara","category":"","gallery_link":""}},"1566567853096":{"type":"Image","settings":{"image":"","title":"Face Brightening Powder","gallery_title":"Denim Days","category":"","gallery_link":""}},"1566567906061":{"type":"Image","settings":{"image":"","title":"Soft Liquid Lipstick","gallery_title":"Soft Liquid Lipstick","category":"","gallery_link":""}},"1566567710571":{"type":"Image","settings":{"image":"","title":"Multi Fairness Cream","gallery_title":"Multi Fairness Cream","category":"","gallery_link":""}},"1566567923273":{"type":"Image","settings":{"image":"","title":"Soft Makeup Brush","gallery_title":"Soft Makeup Brush","category":"","gallery_link":""}}},"block_order":["1566567239616","1566567322985","1566567461654","1566567568116","1566567638412","1566567853096","1566567906061","1566567710571","1566567923273"],"settings":{"portfolio_title":"Best Sellers","portfolio_title_clr":"#030d1d","portfolio_text":"","portfolio_text_clr":"#030d1d","use_overlay":true,"img_overlay":"#231f1e","img_overlay_title":"#ffffff","img_overlay_catgry":"#030d1d","use_overlay_icons":true,"img_overlay_icon":"#ffffff","img_overlay_icon_txt":"#ffffff","img_overlay_icon_bg":"#fc4c4b","img_overlay_icon_hover_txt":"#ffffff","texthover_bg_color":"#fc4c4b","texthover_txt_color":"#030d1d"}},"brands-page":{"type":"brands-page","settings":{"display_brand":true}},"lookbook":{"type":"lookbook","blocks":{"1567573089903":{"type":"image","settings":{"dpl_slide_img":true,"image_slide":"","size_image":"normal","lb_product_1":"","top_position_1":"88","left_position_1":"65","dots_color_1":"#fff","dots_bg_color_1":"#323232","dots_hoverbg_color_1":"#231f1e","dots_hovercolor_1":"#231f1e","dots_shadow_color_1":"#777777","lb_product_2":"","top_position_2":"35","left_position_2":"78","dots_color_2":"#fff","dots_bg_color_2":"#231f1e","dots_hoverbg_color_2":"#231f1e","dots_hovercolor_2":"#231f1e","dots_shadow_color_2":"#777777","lb_product_3":"","top_position_3":"70","left_position_3":"88","dots_color_3":"#fff","dots_bg_color_3":"#323232","dots_hoverbg_color_3":"#323232","dots_hovercolor_3":"#323232","dots_shadow_color_3":"#fff"}},"1567583212531":{"type":"image","settings":{"dpl_slide_img":true,"image_slide":"","size_image":"normal","lb_product_1":"","top_position_1":"40","left_position_1":"30","dots_color_1":"#ffffff","dots_bg_color_1":"#ffffff","dots_hoverbg_color_1":"#777777","dots_hovercolor_1":"#ffffff","dots_shadow_color_1":"#ffffff","lb_product_2":"","top_position_2":"68","left_position_2":"87","dots_color_2":"#fff","dots_bg_color_2":"#323232","dots_hoverbg_color_2":"#ffffff","dots_hovercolor_2":"#ffffff","dots_shadow_color_2":"#777777","lb_product_3":"","top_position_3":"20","left_position_3":"20","dots_color_3":"#fff","dots_bg_color_3":"#323232","dots_hoverbg_color_3":"#323232","dots_hovercolor_3":"#323232","dots_shadow_color_3":"#fff"}}},"block_order":["1567573089903","1567583212531"],"settings":{"page_title":"Lookbook Page","display_product_detail_share":true,"share_text":"Share","button":"View More","link":"shopify:\/\/collections\/all"}},"top-countdown-bar":{"type":"top-countdown-bar","settings":{"show_image_1":false,"image_1":"","background_color":"#e4e4e4","text":"Mid-Season Sale up to 70% Off. End Ins:","text_color":"#ffffff","time_color":"#f95441","button_1":"Shop Now","link_1":"shopify:\/\/collections\/all","deal_end_date":"12\/12\/2020_00:00:00"}},"adv-header":{"type":"adv-header","settings":{"display_header_top":true,"top_message_text":"Mid-Season Sale Up to 70% OFF.","bg_header_top":"#ffe8e8","text_header_top_color":"#b05d5d","brand_type":"text","brand_text":"","logo_text_color":"#000","logo":"","max_height_logo_mb":"26px","logo_pc":"","max_height_logo_pc":"44px","bg_search_color":"#fafafa","search_color":"#323232","search_border_color":"#e7e7e7","bg_header_bottom_color":"#fff","header_bottom_link_color":"#232323","header_bottom_text_color":"#323232","display_customer_service":true,"customer_service_text":"Customer Service 1.900.000.6690","display_free_shipping":true,"free_shipping_text":"Free shipping on All Orders. No Minimum Purchase","bg_cart_color":"#ffe5e5","cart_color":"#323232","dropdowncart_type":"hover"}},"adv-navigation":{"type":"adv-navigation","blocks":{"1577431606215":{"type":"style_1","settings":{"megamenu_items_1":"","title_featured_product":"Featured Products","featured_product":"","banner_first_style_1":"","link_banner_first_style_1":"shopify:\/\/collections\/all"}},"1577431690971":{"type":"style_2","settings":{"megamenu_items_2":"","banner_first_style_2":"","link_banner_first_style_2":"","banner_second_style_2":"","link_banner_second_style_2":"","banner_third_style_2":"","link_banner_third_style_2":""}},"1577431711426":{"type":"style_3","settings":{"megamenu_items_3":""}},"1577431754666":{"type":"style_4","settings":{"megamenu_items_4":"","banner_first_style_4":"","link_banner_first_style_4":"shopify:\/\/collections\/all"}},"1585893306198":{"type":"style_7","settings":{"title":"Style 7","megamenu_items_7":""}},"1596792703532":{"type":"style_5","settings":{"title":"Style 5","megamenu_items_5":"Shop","banner_first_style_5":"shopify:\/\/shop_images\/Florie_Mega_Menu_-1.png","link_banner_first_style_5":"","banner_second_style_5":"shopify:\/\/shop_images\/Florie_Mega_Menu_-_2.png","link_banner_second_style_5":""}}},"block_order":["1577431606215","1577431690971","1577431711426","1577431754666","1585893306198","1596792703532"],"settings":{"pick_menu":"main-menu","logo_fix":"","alignment":"left","font_size_mnu_lv1":"16px","font_size_mnu_lv2":"14px","font_size_mnu_lv3":"14px","enable_sale":true,"lb_sale":"Sale","sale_item":"","bg_lb_sale":"#7d597d","color_lb_sale":"#fff","enable_new":true,"lb_new":"New","new_item":"","bg_lb_new":"#7d597d","color_lb_new":"#fff","enable_hot":true,"lb_hot":"Hot","hot_item":"","bg_lb_hot":"#7d597d","color_lb_hot":"#fff","display_megamenu":true}},"home-slideshow-type-1":{"type":"home-slideshow-type-1","blocks":{"1580988160758":{"type":"style_1","settings":{"image":"","mobile_image":"","mobile_bg_clr":"#000","title":"Check me out","heading_color":"#ee2d7a","heading_size":"72","title_2":"Global Fashion","subheading_color":"#000000","subheading_size":"45","desc":"Celebrity inspired season's most trending outfits of the year.","desc_color":"#000000","desc_size":"16","button":"Shop Now","link":"shopify:\/\/collections\/featured-products","btn_bg_color":"#ee2d7a","btn_txt_color":"#fff","btn_hoverbg_color":"#000","btn_hovertxt_color":"#fff","button2":"Shop Now","link2":"","btn2_bg_color":"#532798","btn2_txt_color":"#fff","btn2_hoverbg_color":"#000","btn2_hovertxt_color":"#fff","btn2_border_color":"#ccc"}},"1580988165859":{"type":"style_2","settings":{"image":"","mobile_image":"","mobile_bg_clr":"#000","title":"Columbus Day","heading_color":"#ee2d7a","heading_size":"72","title_2":"Girl’s Fashion","subheading_color":"#fc4c4b","subheading_size":"45","desc":"All the best pieces you can combine to create your look for this season.","desc_color":"#ffffff","desc_size":"16","button":"Shop Now","link":"shopify:\/\/collections\/all","btn_bg_color":"#ee2d7a","btn_txt_color":"#fff","btn_hoverbg_color":"#000","btn_hovertxt_color":"#fff","button2":"Shop Now","link2":"","btn2_bg_color":"#532798","btn2_txt_color":"#fff","btn2_hoverbg_color":"#000","btn2_hovertxt_color":"#fff","btn2_border_color":"#ccc"}},"1580988168195":{"type":"style_3","settings":{"image":"","mobile_image":"","mobile_bg_clr":"#000000","title":"Summer Trends","heading_color":"#ee2d7a","heading_size":"72","title_2":"Women’s Fashion","subheading_color":"#fc4c4b","subheading_size":"45","desc":"Spring summer clearance women's sales","desc_color":"#000000","desc_size":"16","button":"Shop Now","link":"shopify:\/\/collections\/all","btn_bg_color":"#ee2d7a","btn_txt_color":"#fff","btn_hoverbg_color":"#000","btn_hovertxt_color":"#fff","button2":"Shop Now","link2":"","btn2_bg_color":"#532798","btn2_txt_color":"#fff","btn2_hoverbg_color":"#000","btn2_hovertxt_color":"#fff","btn2_border_color":"#ccc"}}},"block_order":["1580988160758","1580988165859","1580988168195"],"settings":{"full":true,"margin":"0,50","autoplay":true,"slideshow_speed":"5000","slideshow_transition":"false","dots":"false","navigation_color":"#000000","navigation_hover_color":"#ffffff"}},"home-slideshow-type-2":{"type":"home-slideshow-type-2","blocks":{"1581050467092":{"type":"image","settings":{"slideshow_1_img":"","slider1_title":"Summer Trends","slide_1_heading":"#ffffff","slider1_subtitle":"Women’s Fashion","slide_1_subheading":"#ffffff","slider1_content":"Celebrating the joy of sale","slide_1_desc":"#ffffff","slide_1_link":"shopify:\/\/collections\/all","slide_1_btn_txt":"Shop Now","slide_1_btn":"#ffffff","slide_1_btn_bg":"#fc4c4b","slide_1_btn_hover":"#000","slide_1_btn_hover_txt":"#ffffff"}},"1581050478306":{"type":"image","settings":{"slideshow_1_img":"","slider1_title":"Columbus Day","slide_1_heading":"#ffffff","slider1_subtitle":"Girl’s Fashion","slide_1_subheading":"#ffffff","slider1_content":"New Fall Season 2020","slide_1_desc":"#ffffff","slide_1_link":"shopify:\/\/collections\/all","slide_1_btn_txt":"Shop Now","slide_1_btn":"#000","slide_1_btn_bg":"#fc4c4b","slide_1_btn_hover":"#000","slide_1_btn_hover_txt":"#ffffff"}}},"block_order":["1581050467092","1581050478306"],"settings":{"image_1":"","title_1":"New Trend 2020","title_1_clr":"#ffffff","text_1":"Women's Collections","text_1_clr":"#ffffff","button_1":"Shop Now","button_1_bg":"#fc4c4b","button_1_txt":"#fff","hover_button_1_bg":"#000000","hover_button_1_txt":"#fff","overlay_1_use":false,"overlay_1":"#fff","link_1":"shopify:\/\/collections\/all","image_2":"","title_2":"Women’s Fashion","title_2_clr":"#ffffff","text_2":"40% Off","text_2_clr":"#ffffff","button_2":"Shop Now","button_2_bg":"#fc4c4b","button_2_txt":"#fff","hover_button_2_bg":"#000","hover_button_2_txt":"#fff","overlay_2_use":false,"overlay_2":"#fff","link_2":"shopify:\/\/collections\/all","image_3":"","title_3":"Women’s Fashion","title_3_clr":"#ffffff","text_3":"75% Off","text_3_clr":"#ffffff","button_3":"Shop Now","button_3_bg":"#fc4c4b","button_3_txt":"#fff","hover_button_3_bg":"#000","hover_button_3_txt":"#fff","overlay_3_use":false,"overlay_3":"#fff","link_3":"shopify:\/\/collections\/all","full":true,"margin":"20,50","autoplay":true,"slideshow_speed":"5000","slideshow_transition":"false","dots":"false","navigation_color":"#000","navigation_hover_color":"#000"}},"header-model-2":{"type":"header-model-2","settings":{"display_search":true,"display_minicart":true,"display_wishlist":true,"logo_bar_bg":"rgba(0,0,0,0)","logo_text":"#000","logo_hover_text":"#9655ff","currency_icon":"#000000","currency_icon_hover":"#35b8f4","search_bg":"#fff","search_icon":"#000","search_icon_hover":"#35b8f4","search_text":"#000","minicart_count":"#ffffff","minicart_count_bg":"#000000","minicart_count_hover_bg":"#532798","minicart_count_hover_text":"#ffffff","minicart_link":"#000000","minicart_link_hover":"#532798","menubar_bg":"#fff","clr_border_image":false,"menu_border_bg":"","menubar_links":"#000","menubar_links_hover":"#000","menu_active":"#35b8f4","menubar_dropdown_bg":"#fff","menubar_dropdown_caption":"#000","menubar_dropdown_caption_hover":"#35b8f4","menubar_dropdown_links":"#000","menubar_dropdown_links_hover":"#35b8f4"}},"product-template-2":{"type":"product-template-2","settings":{"display_product_sku":true,"display_product_type":true,"display_vendor_type":false,"color_tooltip":true,"product_quantity_enable":false,"enable_size_chart":true,"enable_wishlist":true,"enable_cart":true,"color_cart":"#204a80","color_button_cart_text":"#ffffff","cart_hover_btn":"#ff003a","cart_hover_btn_text":"#fff","use_cart_width":true,"cart_size":"14px 28px","cart_font_size":"14","small_cart_size":"14px 28px","small_cart_font_size":"14","payment_button":true,"short_desc":true,"social_sharing_products":true,"secure_pay_enable":false,"secure_pay":"","display_back_in_stock":true,"text":"Thanks! We will notify you when this product becomes available!","text1":"Click Here","text2":"to be notified by email when","text3":"becomes available","error":"Please provide a valid email address.","show_video":false,"product_tab1":true,"product_tab1_heading":"Product Description","product_tab2":true,"product_tab2_heading":"Shipping Details","product_tab3":true,"product_tab3_heading":"Reviews","product_related_enable":false,"related_prds_heading":"","heading_image_need":false,"heading_image":"","related_prds_title":"","display_recently_viewed_products":true,"recently_viewed_products_title":"Recently Viewed Products","number_of_recently_viewed_products":"8","show_real_time_visitor":true,"real_time_max":100,"real_interval_time":2,"bg_count_text":"#fff","bg_count":"#e53939","show_sold_in":true,"item_prd":"3,5,6,7,8,10,12,15","item_prds":"sold in last","hours_prs":"10,15,16,17,18,20,25,35","item_hours":"hours","dpl_grouped_product":true,"grouped_title":"Frequently Bought Together","grouped_choose_options_text":"Please choose options for all selected products","choose_options":"Choose Options","enable_bundle_discount":true,"bundle_discount_text":"Get a [discount]% discount buying these products together | Erhalten Sie einen Rabatt von [discount]%, wenn Sie diese Produkte zusammen kaufen","text_countdown":"Limited-Time Offers, End in:","progressbar_1":"Please hurry, only","total_items":"100","min_items_left":"8","max_items_left":"26","progressbar_color":"#f5f5f5","progressbar_active_color":"#69c69c","title1":"{CODE: ABER10OFF}","ctext1":"<p>Extra 10<b>%<\/b> off Buy 1<\/p>","title2":"{CODE: ABER15OFF}","ctext2":"<p>Extra 15<b>%<\/b> off Buy 2<\/p>","title3":"{CODE: ABER20OFF}","ctext3":"<p>Extra 20<b>%<\/b> off Buy 3<\/p>"}},"product-template-3":{"type":"product-template-3","settings":{"display_product_thumb_rows":"2","thumb_position":"right","display_product_sku":true,"display_product_type":true,"display_vendor_type":false,"color_tooltip":true,"product_quantity_enable":false,"enable_size_chart":false,"enable_wishlist":true,"enable_cart":true,"color_cart":"#204a80","color_button_cart_text":"#ffffff","cart_hover_btn":"#ff003a","cart_hover_btn_text":"#fff","use_cart_width":false,"cart_size":"14px 28px","cart_font_size":"34","small_cart_size":"14px 28px","small_cart_font_size":"34","payment_button":true,"short_desc":true,"social_sharing_products":true,"secure_pay_enable":false,"secure_pay":"","display_back_in_stock":true,"text":"Thanks! We will notify you when this product becomes available!","text1":"Click Here","text2":"to be notified by email when","text3":"becomes available","error":"Please provide a valid email address.","show_video":false,"product_tab1":true,"product_tab1_heading":"Product Description","product_tab2":true,"product_tab2_heading":"Shipping Details","product_tab3":true,"product_tab3_heading":"Reviews","product_related_enable":false,"related_prds_heading":"","heading_image_need":false,"heading_image":"","related_prds_title":"","display_recently_viewed_products":true,"recently_viewed_products_title":"Recently Viewed Products","number_of_recently_viewed_products":"8","show_real_time_visitor":true,"real_time_max":100,"real_interval_time":2,"bg_count_text":"#fff","bg_count":"#e53939","show_sold_in":true,"item_prd":"3,5,6,7,8,10,12,15","item_prds":"sold in last","hours_prs":"10,15,16,17,18,20,25,35","item_hours":"hours","dpl_grouped_product":true,"grouped_title":"Frequently Bought Together","grouped_choose_options_text":"Please choose options for all selected products","choose_options":"Choose Options","enable_bundle_discount":true,"bundle_discount_text":"Get a [discount]% discount buying these products together | Erhalten Sie einen Rabatt von [discount]%, wenn Sie diese Produkte zusammen kaufen","text_countdown":"Limited-Time Offers, End in:","progressbar_1":"Please hurry, only","total_items":"100","min_items_left":"8","max_items_left":"26","progressbar_color":"#f5f5f5","progressbar_active_color":"#69c69c","title1":"{CODE: ABER10OFF}","ctext1":"<p>Extra 10<b>%<\/b> off Buy 1<\/p>","title2":"{CODE: ABER15OFF}","ctext2":"<p>Extra 15<b>%<\/b> off Buy 2<\/p>","title3":"{CODE: ABER20OFF}","ctext3":"<p>Extra 20<b>%<\/b> off Buy 3<\/p>"}},"product-template-4":{"type":"product-template-4","settings":{"display_product_sku":true,"display_product_type":true,"display_vendor_type":false,"color_tooltip":true,"product_quantity_enable":false,"enable_size_chart":true,"enable_wishlist":true,"enable_cart":true,"color_cart":"#204a80","color_button_cart_text":"#ffffff","cart_hover_btn":"#ff003a","cart_hover_btn_text":"#fff","use_cart_width":true,"cart_size":"14px 28px","cart_font_size":"14","small_cart_size":"14px 28px","small_cart_font_size":"14","payment_button":true,"short_desc":true,"social_sharing_products":true,"secure_pay_enable":false,"secure_pay":"","display_back_in_stock":true,"text":"Thanks! We will notify you when this product becomes available!","text1":"Click Here","text2":"to be notified by email when","text3":"becomes available","error":"Please provide a valid email address.","show_video":false,"product_tab1":true,"product_tab1_heading":"Product Description","product_tab2":true,"product_tab2_heading":"Shipping Details","product_tab3":true,"product_tab3_heading":"Reviews","product_related_enable":false,"related_prds_heading":"","heading_image_need":false,"heading_image":"","related_prds_title":"","display_recently_viewed_products":true,"recently_viewed_products_title":"Recently Viewed Products","number_of_recently_viewed_products":"8","show_real_time_visitor":true,"real_time_max":100,"real_interval_time":2,"bg_count_text":"#fff","bg_count":"#e53939","show_sold_in":true,"item_prd":"3,5,6,7,8,10,12,15","item_prds":"sold in last","hours_prs":"10,15,16,17,18,20,25,35","item_hours":"hours","dpl_grouped_product":true,"grouped_title":"Frequently Bought Together","grouped_choose_options_text":"Please choose options for all selected products","choose_options":"Choose Options","enable_bundle_discount":true,"bundle_discount_text":"Get a [discount]% discount buying these products together | Erhalten Sie einen Rabatt von [discount]%, wenn Sie diese Produkte zusammen kaufen","text_countdown":"Limited-Time Offers, End in:","progressbar_1":"Please hurry, only","total_items":"100","min_items_left":"8","max_items_left":"26","progressbar_color":"#f5f5f5","progressbar_active_color":"#69c69c","title1":"{CODE: ABER10OFF}","ctext1":"<p>Extra 10<b>%<\/b> off Buy 1<\/p>","title2":"{CODE: ABER15OFF}","ctext2":"<p>Extra 15<b>%<\/b> off Buy 2<\/p>","title3":"{CODE: ABER20OFF}","ctext3":"<p>Extra 20<b>%<\/b> off Buy 3<\/p>"}},"product-template-5":{"type":"product-template-5","settings":{"display_product_thumb_img":true,"display_product_sku":true,"display_product_type":true,"display_vendor_type":false,"color_tooltip":true,"product_quantity_enable":false,"enable_size_chart":true,"enable_wishlist":true,"enable_cart":true,"color_cart":"#204a80","color_button_cart_text":"#ffffff","cart_hover_btn":"#ff003a","cart_hover_btn_text":"#fff","use_cart_width":true,"cart_size":"14px 28px","cart_font_size":"14","small_cart_size":"14px 28px","small_cart_font_size":"14","payment_button":true,"short_desc":true,"social_sharing_products":true,"secure_pay_enable":false,"secure_pay":"","display_back_in_stock":true,"text":"Thanks! We will notify you when this product becomes available!","text1":"Click Here","text2":"to be notified by email when","text3":"becomes available","error":"Please provide a valid email address.","show_video":false,"product_tab1":true,"product_tab1_heading":"Product Description","product_tab2":true,"product_tab2_heading":"Shipping Details","product_tab3":true,"product_tab3_heading":"Reviews","product_related_enable":false,"related_prds_heading":"","heading_image_need":false,"heading_image":"","related_prds_title":"","display_recently_viewed_products":true,"recently_viewed_products_title":"Recently Viewed Products","number_of_recently_viewed_products":"8","show_real_time_visitor":true,"real_time_max":100,"real_interval_time":2,"bg_count_text":"#fff","bg_count":"#e53939","show_sold_in":true,"item_prd":"3,5,6,7,8,10,12,15","item_prds":"sold in last","hours_prs":"10,15,16,17,18,20,25,35","item_hours":"hours","dpl_grouped_product":true,"grouped_title":"Frequently Bought Together","grouped_choose_options_text":"Please choose options for all selected products","choose_options":"Choose Options","enable_bundle_discount":true,"bundle_discount_text":"Get a [discount]% discount buying these products together | Erhalten Sie einen Rabatt von [discount]%, wenn Sie diese Produkte zusammen kaufen","text_countdown":"Limited-Time Offers, End in:","progressbar_1":"Please hurry, only","total_items":"100","min_items_left":"8","max_items_left":"26","progressbar_color":"#f5f5f5","progressbar_active_color":"#69c69c","title1":"{CODE: ABER10OFF}","ctext1":"<p>Extra 10<b>%<\/b> off Buy 1<\/p>","title2":"{CODE: ABER15OFF}","ctext2":"<p>Extra 15<b>%<\/b> off Buy 2<\/p>","title3":"{CODE: ABER20OFF}","ctext3":"<p>Extra 20<b>%<\/b> off Buy 3<\/p>"}},"header-model-6":{"type":"header-model-6","settings":{"display_top_bar":true,"display_search":true,"display_minicart":true,"display_wishlist":true,"header_welcome_text":"Welcome to Mika Shop take away","display_text_mob":true,"header_help_text":"Call us: 0123-456-789:","display_phone_mob":true,"top_bar_bg":"#eb6565","top_bar_text":"#000","top_bar_links":"#000","top_bar_link_hover":"#35b8f4","link_login":"#000","link_hover_clr":"#000","login_icon_clr":"#e4e4e4","login_iconhover_clr":"#ffffff","login_iconhover_bg":"#ea4f19","minicart_icon_bg":"#000","login_sub_txt":"Get all option","clr_border_image":true,"menu_border_bg":"","logo_bar_bg":"rgba(0,0,0,0)","logo_text":"#000","logo_hover_text":"#000","currency_icon":"#fff","currency_icon_hover":"#35b8f4","search_icon":"#000","search_icon_hover":"#35b8f4","search_bg":"#fff","search_text":"#000","miniiconcart_cart_bg":"#000000","miniiconcart_cart_icon":"#ffffff","miniiconcart_cart_hoverbg":"#532798","miniiconcart_carthover_icon":"#ffffff","minicart_count":"#000","minicart_count_hover_text":"#000","minicart_link":"#000","minicart_link_hover":"#35b8f4","menubar_bg":"#fff","menubar_links":"#000","menubar_links_hover":"#e38b21","menu_active":"#35b8f4","menubar_dropdown_bg":"#fff","menubar_dropdown_caption":"#000","menubar_dropdown_caption_hover":"#35b8f4","menubar_dropdown_links":"#000","menubar_dropdown_links_hover":"#35b8f4"}},"1592399044344":{"type":"home-slideshow-type-1","blocks":{"1596532481993":{"type":"style_3","settings":{"image":"shopify:\/\/shop_images\/slider.jpg","mobile_image":"shopify:\/\/shop_images\/mob.jpg","mobile_bg_clr":"rgba(0,0,0,0)","title":"Your favorite Floristry & Decor Studio","heading_color":"#ffffff","heading_size":"72","title_2":"Every Occasion Is Unique","subheading_color":"#ffffff","subheading_size":"20","desc":"","desc_color":"#ffffff","desc_size":"14","button":"Shop Now","link":"shopify:\/\/collections","btn_bg_color":"#f95441","btn_txt_color":"#fff","btn_hoverbg_color":"#ffffff","btn_hovertxt_color":"#f95441","button2":"","link2":"","btn2_bg_color":"#f95441","btn2_txt_color":"#fff","btn2_hoverbg_color":"#ffffff","btn2_hovertxt_color":"#f95441","btn2_border_color":"#f95441"}},"1598680864805":{"type":"style_2","settings":{"image":"shopify:\/\/shop_images\/slider-bg2.jpg","mobile_image":"shopify:\/\/shop_images\/slider-bg2-res.jpg","mobile_bg_clr":"#ffffff","title":"Creating good messages of splendour","heading_color":"#000","heading_size":"72","title_2":"100% Fresh love","subheading_color":"#0c0c0c","subheading_size":"20","desc":"","desc_color":"#0c0c0c","desc_size":"14","button":"Shop Now","link":"","btn_bg_color":"#f95441","btn_txt_color":"#fff","btn_hoverbg_color":"#000000","btn_hovertxt_color":"#fff","button2":"","link2":"","btn2_bg_color":"#f95441","btn2_txt_color":"#fff","btn2_hoverbg_color":"#000000","btn2_hovertxt_color":"#fff","btn2_border_color":"#ccc"}},"1598680887034":{"type":"style_1","settings":{"image":"shopify:\/\/shop_images\/slider-bg3.jpg","mobile_image":"shopify:\/\/shop_images\/slider-bg3-res.jpg","mobile_bg_clr":"#ffffff","title":"Beauty Flowers that attract happiness","heading_color":"#000","heading_size":"72","title_2":"Let’s fall in love","subheading_color":"#0c0c0c","subheading_size":"20","desc":"","desc_color":"#0c0c0c","desc_size":"14","button":"Shop Now","link":"","btn_bg_color":"#f95441","btn_txt_color":"#fff","btn_hoverbg_color":"#000","btn_hovertxt_color":"#fff","button2":"","link2":"","btn2_bg_color":"#f95441","btn2_txt_color":"#fff","btn2_hoverbg_color":"#000","btn2_hovertxt_color":"#fff","btn2_border_color":"#ccc"}}},"block_order":["1596532481993","1598680864805","1598680887034"],"settings":{"full":true,"margin":"0,0","autoplay":true,"slideshow_speed":"5000","slideshow_transition":"true","dots":"false","navigation_color":"#181818","navigation_hover_color":"#f95441"}},"blog-sidebar-instagram":{"type":"blog-sidebar-instagram","settings":{"instagram_use":false,"sidebar_bg_color":"#000","accessToken":"3311466850.1677ed0.84b4d7bf4b6f49b4887a8fe93707d9b5","heading_image_need":false,"heading_image":"","title":"Instagram Feed","title_1_clr":"#000","sort":"none"}},"header-model-10":{"type":"header-model-10","settings":{"display_minicart":true,"minicart_icon":"#000","minicart_icon_hover":"#35b8f4","minicart_link":"#000","minicart_link_hover":"#35b8f4","display_top_bar":true,"header_phone_label":"","header_phone_value":"(00) 000 111 222","header_mail_label":"","header_mail_value":"info@somedomain.com","top_bar_bg":"#fff","top_bar_text":"#000","top_bar_links":"#000","top_bar_link_hover":"#35b8f4","display_wishlist":true,"display_like_btn":true,"like_btn_url":"","display_search":true,"bg_img":"","logo_bar_bg":"#ffffff","logo_text":"#000","logo_hover_text":"#000","border_between_bars":"#e4e4e4","currency_icon":"#fff","currency_icon_hover":"#35b8f4","search_bg":"#fff","search_icon":"#000","search_icon_hover":"#35b8f4","search_btn_bg":"#35b8f4","search_bg_hover":"#35b8f4","search_text":"#000","menubar_bg":"#fff","menubar_border_top":"#fff","menubar_boxshadow_clr":"#fff","menubar_links":"#000000","menubar_links_hover":"#e38b21","menu_active":"#35b8f4","menubar_dropdown_bg":"#fff","menubar_dropdown_caption":"#000","menubar_dropdown_caption_hover":"#35b8f4","menubar_dropdown_links":"#000","menubar_dropdown_links_hover":"#35b8f4"}},"header-model-8":{"type":"header-model-8","settings":{"currency_icon":"#532798","currency_icon_hover":"#35b8f4","display_minicart":true,"minicart_icon":"#000","minicart_icon_hover":"#35b8f4","minicart_count":"#000","minicart_count_bg":"#000","minicart_count_hover_bg":"#000","minicart_count_hover_text":"#000","display_search":true,"display_wishlist":true,"border_between_bars":"rgba(0,0,0,0)","logo_text":"#000","logo_hover_text":"#000","icon_text":"#000","icon_hover_text":"#ea4f19","search_bg":"#fff","search_icon":"#000","search_icon_hover":"#35b8f4","search_text":"#000","menubar_bg":"#fff","menubar_links":"#000","menubar_links_hover":"#532798","menu_active":"#35b8f4","menubar_dropdown_bg":"#fff","menubar_dropdown_caption":"#000","menubar_dropdown_caption_hover":"#35b8f4","menubar_dropdown_links":"#000","menubar_dropdown_links_hover":"#35b8f4"}},"adv-navigation-logo-center":{"type":"adv-navigation-logo-center","settings":{"left":"main-menu","right":"footer","logo_fix":"","alignment":"left","font_size_mnu_lv1":"13px","font_size_mnu_lv2":"12px","font_size_mnu_lv3":"12px","enable_sale":true,"lb_sale":"Sale","sale_item":"","bg_lb_sale":"#ef6454","color_lb_sale":"#fff","enable_new":true,"lb_new":"New","new_item":"","bg_lb_new":"#06bfe2","color_lb_new":"#fff","enable_hot":true,"lb_hot":"Hot","hot_item":"","bg_lb_hot":"#ffbb49","color_lb_hot":"#fff","display_megamenu":true}},"footer":{"type":"footer","blocks":{"footer-0":{"type":"custom","settings":{"show_footer_title":true,"title":"Address","text":"<p>767 Bicetown Road,<\/p>\n<p>New York,<\/p>\n<p>United States.<\/p>","container_width":25}},"footer-1":{"type":"menu","settings":{"show_footer_title":true,"menu":"help","container_width":25}},"1596269161163":{"type":"menu","settings":{"show_footer_title":true,"menu":"support","container_width":25}},"1596269171334":{"type":"menu","settings":{"show_footer_title":true,"menu":"information","container_width":25}}},"block_order":["footer-0","footer-1","1596269161163","1596269171334"],"settings":{"footer_bg_clr":"#ffd0ca","footer_bg_img":true,"image_1":"shopify:\/\/shop_images\/footer-bg.jpg","footer_heading_clr":"#000000","footer__bottom_clr":"#fff","footer__bottom_bg":"#000","footer_txt_clr":"#000000","footer_icon_clr":"#000000","footer_link_clr":"#000000","footer_link_hover_clr":"#f95441","show_payment_icons":true,"show_copyright":true,"show_social":true,"copyright_text":"| Powered by Shopify"}},"announcement-bar":{"type":"announcement-bar","settings":{"show_announcement":false,"home_page_only":true,"text":"FREE SHIPPING for orders over $49 - Get some inspirational shirts for your loved one today!","link":"","announcement_bar_bg":"#fff8f2","announcement_bar_text":"#222222"}},"1596267698736":{"type":"home-support-block","blocks":{"1596267698736-0":{"type":"icon","settings":{"icon":"shopify:\/\/shop_images\/order-online.png","title":"Order Online","desc":"Order bouquet via mobile","link":"shopify:\/\/collections"}},"1596267698736-2":{"type":"icon","settings":{"icon":"shopify:\/\/shop_images\/free-delivery.png","title":"Free Shipping","desc":"For all orders from $120","link":"shopify:\/\/collections"}},"1596267875735":{"type":"icon","settings":{"icon":"shopify:\/\/shop_images\/more-fresnness.png","title":"More Freshness","desc":"Bouquet are fresh & blooms","link":"shopify:\/\/collections"}},"1596454774264":{"type":"icon","settings":{"icon":"shopify:\/\/shop_images\/SAFE-PAYMENT.png","title":"Safe Payment","desc":"Protect online payment","link":"shopify:\/\/collections"}}},"block_order":["1596267698736-0","1596267698736-2","1596267875735","1596454774264"],"settings":{"full":false,"margin":"0,0","heading":"","heading_color":"#000","sub_heading":"","sub_heading_color":"#000","title_img":"","content_position":"default","sectionbg_color":"rgba(0,0,0,0)","class_color":"#000","iconhovertext_color":"#000","title_color":"#000","desc_color":"#000","block_style":"style1","position":"align-left"}},"1596268837609":{"type":"home-wide-banner","blocks":{"1596456020171":{"type":"Image","settings":{"client_img":"shopify:\/\/shop_images\/icon-4.png","client_heading":"Adorning Life Moments","client_heading_color":"#000","sub_heading":"Vitae et leo duis ut diam quam. Aliquam vestibulum morbi blandit.","sub_heading_color":"#000","img_border_color":"#000000","client_link":""}},"1596456020800":{"type":"Image","settings":{"client_img":"shopify:\/\/shop_images\/icon-3.png","client_heading":"100% Fresh Guaranteed","client_heading_color":"#000","sub_heading":"Turpis egestas pretium aenean pharetra magna ac placerat.","sub_heading_color":"#000","img_border_color":"#000","client_link":""}},"1596456021649":{"type":"Image","settings":{"client_img":"shopify:\/\/shop_images\/icon-2.png","client_heading":"Delivering Smiles Daily!","client_heading_color":"#000","sub_heading":"Aliquam id diam maecenas ultricies mi eget mauris pharetra et.","sub_heading_color":"#000","img_border_color":"#000","client_link":""}},"1596456022287":{"type":"Image","settings":{"client_img":"shopify:\/\/shop_images\/icon-1.png","client_heading":"Best Flowers. Lower Prices.","client_heading_color":"#000","sub_heading":"Gravida arcu ac tortor dignissim convallis aenean et tortor.","sub_heading_color":"#000","img_border_color":"#000","client_link":""}}},"block_order":["1596456020171","1596456020800","1596456021649","1596456022287"],"settings":{"full":false,"margin":"","show_image_1":true,"image_1":"shopify:\/\/shop_images\/bg-3.jpg","show_overlay":false,"overlay_bg":"#f5f5f5","background_color":"rgba(0,0,0,0)","show_image":true,"image":"shopify:\/\/shop_images\/img-1.jpg","content_position":"left","title_1":"The Florist - <br>to fulfill your bouquet needs","title_color":"#000","offer_text":"","titleshadow_offer_color":"#000","text_1":"","text_color":"#000","titleshadow_1":"","titleshadow_1_color":"#000","textshadow_1":"","textshadow_1_color":"#000","button_1":"","button_bg_color":"#000","button_txt_color":"#fff","button_bghover_color":"#666","button_txthover_color":"#fff","link_1":"","button_2":"","link_2":"","show_blocks":true}},"1596268980838":{"type":"home-product-grid","blocks":{"1596546187425":{"type":"icon","settings":{"icon":"shopify:\/\/shop_images\/icon-7.png","title":"Delivering Your Emotions","desc":"Free returns make life easy Lorem ipsum dolor sit amet,","link":"#","link_text":"Return Policy"}},"1596546190070":{"type":"icon","settings":{"icon":"shopify:\/\/shop_images\/icon-6.png","title":"100% Fresh Flowers","desc":"You deserve to get exactly what you pay for — or we'll make it right","link":"#","link_text":"Return Policy"}},"1596546319793":{"type":"icon","settings":{"icon":"shopify:\/\/shop_images\/icon-5.png","title":"Online Flowers Delivery","desc":"Our dedicated team has you covered","link":"#","link_text":"Return Policy"}}},"block_order":["1596546187425","1596546190070","1596546319793"],"settings":{"full":false,"margin":"0,0","bg_color":"rgba(0,0,0,0)","image_bg":"shopify:\/\/shop_images\/home-product-grid.png","layout_setup":"100%","title":"Our New Arrivals","title_clr":"#000000","small_title":"A perfect blend of creativity, energy, communication, happiness and love. Let us arrange a smile for you.","text_clr":"#000000","content_position":"default","collection":"frontpage","grid":"2","rows":"3","grid_position":"default","border_clr":"#efefef","image":"","image-position":"none","caption":"Image Title","caption_clr":"#000000","sub_caption":"","sub_caption_clr":"#000000","button_1":"Shop Now","button_bg_color":"#000","button_txt_color":"#fff","button_bghover_color":"#666","button_txthover_color":"#fff","link_1":"","image_text_position":"imgtxt-top-left","heading":"Emotions dressed with lovely flowers","heading_color":"#000","sub_heading":"","sub_heading_color":"#000","title_img":"","sectionbg_color":"#fff","class_color":"#000","iconhovertext_color":"#000","title_color":"#000","desc_color":"#000"}},"1596455516180":{"type":"home-product-grid","settings":{"full":false,"margin":"0,0","bg_color":"rgba(0,0,0,0)","image_bg":"shopify:\/\/shop_images\/bg-2.png","layout_setup":"75%","title":"","title_clr":"#000000","small_title":"","text_clr":"#000","content_position":"default","collection":"home-2","grid":"2","rows":"2","grid_position":"default","border_clr":"#efefef","image":"shopify:\/\/shop_images\/product-bg.jpg","image-position":"left","caption":"<span>Spring<\/span> Sale","caption_clr":"#d75b7f","sub_caption":"Take Upto 50% Off","sub_caption_clr":"#282829","button_1":"Shop Now","button_bg_color":"#000000","button_txt_color":"#fff","button_bghover_color":"#f95441","button_txthover_color":"#fff","link_1":"shopify:\/\/products\/precious-peach-tulips","image_text_position":"imgtxt-middle","heading":"","heading_color":"#000","sub_heading":"","sub_heading_color":"#000","title_img":"","sectionbg_color":"#fff","class_color":"#000","iconhovertext_color":"#000","title_color":"#000","desc_color":"#000"}},"1596458598059":{"type":"home-blog-posts-2","settings":{"full":false,"margin":"0,0","show_image_1":true,"image_1":"shopify:\/\/shop_images\/bg-4.png","background_color":"rgba(0,0,0,0)","title":"From our Blog","title_clr":"#000000","text":"Nisl suscipit adipiscing bibendum est ultricies integer. Lacinia quis vel eros donec. Suspendisse potenti nullam ac tortor vitae purus faucibus.","text_clr":"#000000","heading_position":"default","pick_featured_blog":"news","post_limit":3,"blog_author_enable":false,"show_blog_btn":false,"show_featured_date":true,"show_blog_tag":false,"blog_titlecolor":"#000000","blog_titlehover":"#f95441","blog_datecolor":"#ffffff","blog_date_bg_color":"#ea4f19","blog_authorcolor":"#000","blog_commentcolor":"#000","blog_tag_bgcolor":"#000","blog_tagcolor":"#000","blog_comment":false,"blog_comment_text":"#000","blog_description":true,"blog_desc_clr":"#000","btn":"Read more","btn_bg_color":"#000","btn_color":"#fff","btn_hover_bg_color":"#333","btn_hover_color":"#fff","content_position":"bottom"}},"about":{"type":"about","settings":{"show_3_section":true,"section_5_mainheading":"Perfect gift for your beloved","mainheading_color":"#000000","section_5_subheading":"Adipiscing bibendum est ultricies integer quis auctor elit. Purus non enim praesent elementum facilisis leo vel fringilla est.","subheading_color":"#3f2803","section_5_hoverbg":"#f95441","title_color":"#ffffff","section_5_imageone":"shopify:\/\/shop_images\/abou-6.jpg","title_1":"Pink Rose Flowers","section_5_imagetwo":"shopify:\/\/shop_images\/abou-5.jpg","title_2":"Handmade Collections","section_5_imagethree":"shopify:\/\/shop_images\/abou-4.jpg","title_3":"Special Arrangements","section_5_imagefour":"shopify:\/\/shop_images\/abou-3.jpg","title_4":"Fresh Flowers","section_5_imagefive":"shopify:\/\/shop_images\/abou-2.jpg","title_5":"Fantasy Flower Bouquet","section_5_imagesix":"shopify:\/\/shop_images\/abou-1.jpg","title_6":"Customized Flowers","show_2_section":true,"section_2_mainheading":"A symbol of love","section_2_subheading":"We arrange smiles","section_2_introtxt":"<p>Quis viverra nibh cras pulvinar mattis nunc sed blandit. In tellus integer feugiat scelerisque varius morbi enim. Diam maecenas sed enim ut. Morbi tincidunt ornare massa eget. Eu facilisis sed odio morbi quis commodo odio aenean.<\/p>","section_2_icon_clsone":"far fa-clock","section_2_icon_titleone":"THE FIRST CHOICE OF FLOWERS","section_2_icon_detailone":"<p>Lorem ipsum dolor sit amet, consectetuer adipiscing elit, sed diam nonummy nibh euismod tincidunt ut laoreet dolore.<\/p>","section_2_icon_clstwo":"fa fa-cubes","section_2_icon_titletwo":"WE MAKE ANY OCCASION BETTER","section_2_icon_detailtwo":"<p>Sagittis nisl rhoncus mattis rhoncus urna neque. Amet luctus venenatis lectus magna fringilla urna porttitor.<\/p>","section_2_icon_clsthree":"fa fa-cog","section_2_icon_titlethree":"THE PERSONAL TOUCH OF ART","section_2_icon_detailthree":"<p>Nisi est sit amet facilisis magna. Faucibus scelerisque eleifend donec pretium vulputate sapien nec sagittis aliquam.<\/p>","right_image":"shopify:\/\/shop_images\/abou-7_50be6af0-19cc-4e0f-a7be-bb084fbda638.jpg","aboutvedafive_2_sectionbg":"#fbe0d9","aboutvedafive_2_txtcolor":"#000000","aboutvedafive_2_iconcolor":"#ffffff","show_5_section":true,"section_4_iconclsone":"fa fa-box-open","section_4_numberone":"940+","section_4_titleone":"Items Sold","section_4_iconclstwo":"fa fa-users","section_4_numbertwo":"400O+","section_4_titletwo":"CUSTOMER BASE","section_4_iconclsthree":"fa fa-star","section_4_numberthree":"150+","section_4_titlethree":"PLATINUM MEMBERS","section_4_iconclsfour":"fa fa-gift","section_4_numberfour":"900+","section_4_titlefour":"GIFT VOUCHERS","section_4_bgcolor":"#000000","section_4_iconbgcolor":"#000000","section_4_iconcolor":"#ffffff","section_4_iconborder":"#f95441","show_1_section":true,"block_5_main_image":"shopify:\/\/shop_images\/abou-8.jpg","block_5_bg_color":"#fdf2ea","block_5_heading":"100% FRESH BEAUTY DELIVERED","block_5_heading_color":"#000000","block_5_description":"Enjoy your shopping, enjoy togetherness...","block_5_description_color":"#3f2803","block_5_titleborder":"#f95441","block_5_icon_txt_color":"#f95441","block_5_icon_description_color":"#000000","block_5_icon_1_class":"fa fa-check","block_5_icon_1_desc":"Curabitur ullamcorper ultricies nisi. Nam eget dui. Etiam rhoncus. Maecenas tempus, tellus eget condimentum rhoncus.","block_5_icon_2_class":"fa fa-check","block_5_icon_2_desc":"Viverra suspendisse potenti nullam ac tortor vitae. Rhoncus est pellentesque elit ullamcorper dignissim cras tincidunt lobortis feugiat.","block_5_icon_3_class":"fa fa-check","block_5_icon_3_desc":"Condimentum mattis pellentesque id nibh tortor. Tempus egestas sed sed risus pretium quam. Ultrices tincidunt arcu non sodales neque.","block_5_icon_4_class":"fa fa-check","block_5_icon_4_desc":"Nec dui nunc mattis enim ut. Cursus euismod quis viverra nibh cras pulvinar mattis. Ultrices in iaculis nunc sed augue lacus viverra.","block_5_icon_5_class":"fa fa-check","block_5_icon_5_desc":"Egestas integer eget aliquet nibh. Sed lectus vestibulum mattis ullamcorper. Posuere lorem ipsum dolor sit.","block_5_icon_6_class":"fa fa-check","block_5_icon_6_desc":"Malesuada fames ac turpis egestas maecenas pharetra convallis. Congue eu consequat ac felis donec et odio pellentesque diam.","show_team_section":true,"meet_our_team":"Team","team_subheading":"Curabitur ullamcorper ultricies nisi. Nam eget dui. Etiam rhoncus. Maecenas tempus, tellus eget condimentum rhoncus.","team_name_color":"#ffffff","team_job_color":"#ffffff","team_fb_color":"#3b5999","team_tw_color":"#55acee","team_gp_color":"#dd4b39","socialicon_bg_color":"#ffffff","socialicon_hover_color":"#3f2803","socialicon_color":"#ffffff","image_hover_bg":"#f95441","show_team_1_image":true,"team_1_image":"shopify:\/\/shop_images\/OurTeamImg1.jpg","team_1_clr":"#e2e8ec","team_1_name":"Norman","team_1_job":"CEO","team_1_fb":"#","team_1_tw":"#","team_1_gp":"#","show_team_2_image":true,"team_2_image":"shopify:\/\/shop_images\/OurTeamImg2.jpg","team_2_clr":"#e2e8ec","team_2_name":"George","team_2_job":"Florist","team_2_desc":"Augue velit cursus nunc. Duis leo. Sed fringilla mauris sit amet nibh. Donec sodales sagittis magna. Sed consequat, leo eget bibendum sodales.","team_2_fb":"#","team_2_tw":"#","team_2_gp":"#","show_team_3_image":true,"team_3_image":"shopify:\/\/shop_images\/OurTeamImg3.jpg","team_3_clr":"#e2e8ec","team_3_name":"Jeranica","team_3_job":"Marketing","team_3_desc":"Augue velit cursus nunc. Duis leo. Sed fringilla mauris sit amet nibh. Donec sodales sagittis magna. Sed consequat, leo eget bibendum sodales.","team_3_fb":"#","team_3_tw":"#","team_3_gp":"#","show_team_4_image":true,"team_4_image":"shopify:\/\/shop_images\/OurTeamImg4.jpg","team_4_clr":"#e2e8ec","team_4_name":"Sislia","team_4_job":"Delivery Incharge","team_4_desc":"Augue velit cursus nunc. Duis leo. Sed fringilla mauris sit amet nibh. Donec sodales sagittis magna. Sed consequat, leo eget bibendum sodales.","team_4_fb":"#","team_4_tw":"#","team_4_gp":"#"}},"services":{"type":"services","settings":{"content_bg_clr_1":"#f9b0a9","content_bg_clr_2":"#f95441","show_block_one":true,"image_1":"shopify:\/\/shop_images\/serv-3.jpg","title_1":"Fresh","title_color_1":"#ffffff","center_border_clr":"#ffffff","sub_title_1":"Floral Arrangements","sub_title_color_1":"#ffffff","desc_1":"Special Occasions","desc_color_1":"#ffffff","button_1":"View all collection","link_1":"","image_2":"shopify:\/\/shop_images\/serv-1.jpg","title_2":"Design","title_color_2":"#ffffff","sub_title_2":"Special Events","sub_title_color_2":"#ffffff","desc_2":"Fresh Floral Design","desc_color_2":"#ffffff","button_2":"View all collection","link_2":"","image_3":"shopify:\/\/shop_images\/serv-2.jpg","content_bg_clr_3":"#ffffff","title_3":"4-Seasons","title_color_3":"#ffffff","sub_title_3":"Bouquet Program","sub_title_color_3":"#ffffff","desc_3":"Fresh Floral Delivery","desc_color_3":"#ffffff","button_3":"View all collection","link_3":"","section_2_bg":"rgba(0,0,0,0)","section_two":true,"section_3_title":"Garnishing the memories with beauty","section_3_title_color":"#333333","icon_1_img":"shopify:\/\/shop_images\/service-logo-01.png","icon_1_imgheading":"","icon_1_title":"Anniversary","icon_1_desc":"Special events","icon_2_img":"shopify:\/\/shop_images\/service-logo-02.png","icon_2_imgheading":"","icon_2_title":"Gift Baskets","icon_2_desc":"Gourmet","icon_3_img":"shopify:\/\/shop_images\/service-logo-03.png","icon_3_imgheading":"","icon_3_title":"Fresh Flowers","icon_3_desc":"Online","icon_4_img":"shopify:\/\/shop_images\/service-logo-04.png","icon_4_imgheading":"","icon_4_title":"Arrangements","icon_4_desc":"Occasions","icon_5_img":"shopify:\/\/shop_images\/service-logo-06.png","icon_5_imgheading":"","icon_5_title":"Personal Gift","icon_5_desc":"Cards","section_2_iconcolor":"#333333","section_2_desccolor":"#9a9a9a","section_2_bordercolor":"#f95441","section_2_bgcolorcolor":"#f9b0a9","section_2_bgseccolorcolor":"#f95441","show_block_three":true,"block_3_bg":"#f7cecd","block_3_title":"Join us :","block_3_title_color":"#f57b79","block_3_halftitle":"Present Unforgettable Gifts!","block_3_setitle_color":"#333333","txt_block":"Etiam sit amet orci eget eros faucibus tincidunt. Duis leo. Sed fringilla mauris sit amet nibh. Donec sodales sagittis magna. Sed consequat, leo eget bibendum sodales, augue velit cursus nunc.","txt_block_color":"#333333","txt_button":"View help videos","txt_link":"\/","txt_buttonbg":"#ffffff","txt_buttonbg_color":"#333333","show_1_section":true,"block_2_main_image":"shopify:\/\/shop_images\/logo.png","block_2_heading":"we create emotions","block_2_heading_color":"#333333","block_2_description":"Sed fringilla mauris sit amet nibh. Donec sodales sagittis magna. Sed consequat, leo eget bibendum sodales, augue velit cursus nunc.","block_2_description_color":"#9a9a9a","block_2_overlaybgcolor":"#ffffff","thumb_1_image":"shopify:\/\/shop_images\/serv-7.jpg","overlay_1_image":"","overlay_1_imagetitle":"","thumb_1_title":"Adding Colours to your Life","thumb_1_title_color":"#333333","thumb_1_btn":"View More","thumb_1_btnlink":"shopify:\/\/products\/thick-fold-strap-mini-skirt","thumb_2_image":"shopify:\/\/shop_images\/serv-6.jpg","thumb_2_title":"A symbol of love","overlay_2_image":"","overlay_2_imagetitle":"","thumb_2_title_color":"#333333","thumb_2_btn":"View More","thumb_2_btnlink":"shopify:\/\/collections\/all","thumb_3_image":"shopify:\/\/shop_images\/serv-5.jpg","overlay_3_image":"","overlay_3_imagetitle":"","thumb_3_title":"Show that you care","thumb_3_title_color":"#333333","thumb_3_btn":"View More","thumb_3_btnlink":"shopify:\/\/products\/women-slim-fit-jeans","thumb_4_image":"shopify:\/\/shop_images\/serv-4.jpg","overlay_4_image":"","overlay_4_imagetitle":"","thumb_4_title":"Smell the blossom","thumb_4_title_color":"#333333","thumb_4_btn":"View More","thumb_4_btnlink":"shopify:\/\/products\/women-slim-fit-jeans","show_block_five":true,"socialiconhovercolor":"#f57b79","socialiconhovebgrcolor":"#ffffff"}}},"content_for_index":["1592399044344","1596267698736","1596268980838","1596455516180","1596268837609","1596458598059"]}}