[{"name":"theme_info","theme_name":"Timzee","theme_author":"Designthemes","theme_version":"1.0","theme_documentation_url":"http:\/\/themessupport.com\/documentation\/doc\/timzee\/","theme_support_email":"support@wedesignthemes.com"},{"name":"Logo","settings":[{"type":"checkbox","id":"logo_use_image","label":"Use a custom logo","default":false},{"type":"image","id":"logo.png","label":"Custom logo","info":"145 x 74px recommended"},{"type":"text","id":"logo_img_height","label":"Logo Image height (in pixels)","default":"97"},{"type":"text","id":"logo_max_height","label":"Custom logobar height (in pixels)","default":"97"}]},{"name":"Favicon","settings":[{"type":"checkbox","id":"favicon_enable","label":"Use custom icon"},{"type":"image","id":"favicon.png","max-width":16,"max-height":16,"label":"Custom icon","info":"16 x 16px .png required"}]},{"name":"Preloader","settings":[{"type":"checkbox","id":"preloader_enable","label":"Use Preloader","default":true},{"type":"image","id":"preloader.gif","label":"Gif Image"}]},{"name":"Typography","settings":[{"type":"header","content":"Font options"},{"type":"select","id":"base_font","label":"Body text font","options":[{"value":"american_captainregular","label":"American captainregular","group":"Custom Web Fonts"},{"value":"futura_lightregular","label":"Futura lightregular","group":"Custom Web Fonts"},{"value":"Google+Arvo","label":"Arvo","group":"Google Web Fonts"},{"value":"Google+Asap","label":"Asap","group":"Google Web Fonts"},{"value":"Google+Barlow+Semi+Condensed","label":"Barlow Semi Condensed","group":"Google Web Fonts"},{"value":"Google+Barlow+Condensed","label":"Barlow Condensed","group":"Google Web Fonts"},{"value":"Google+Cabin","label":"Cabin","group":"Google Web Fonts"},{"value":"Google+Copse","label":"Copse","group":"Google Web Fonts"},{"value":"Google+Droid+Sans","label":"Droid Sans","group":"Google Web Fonts"},{"value":"Google+Droid+Serif","label":"Droid Serif","group":"Google Web Fonts"},{"value":"Google+Gentium+Book+Basic","label":"Gentium Book Basic","group":"Google Web Fonts"},{"value":"Google+Great+Vibes","label":"Great Vibes","group":"Google Web Fonts"},{"value":"Google+Hind","label":"Hind","group":"Google Web Fonts"},{"value":"Google+Josefin+Slab","label":"Josefin Slab","group":"Google Web Fonts"},{"value":"Google+Josefin+Sans","label":"Josefin Sans","group":"Google Web Fonts"},{"value":"Google+Kreon","label":"Kreon","group":"Google Web Fonts"},{"value":"Google+Lato","label":"Lato","group":"Google Web Fonts"},{"value":"Google+Lora","label":"Lora","group":"Google Web Fonts"},{"value":"Google+Muli","label":"Muli","group":"Google Web Fonts"},{"value":"Google+Montserrat","label":"Montserrat","group":"Google Web Fonts"},{"value":"Google+Merriweather","label":"Merriweather","group":"Google Web Fonts"},{"value":"Google+Old+Standard+TT","label":"Old Standard TT","group":"Google Web Fonts"},{"value":"Google+Open+Sans","label":"Open Sans","group":"Google Web Fonts"},{"value":"Google+Oswald","label":"Oswald","group":"Google Web Fonts"},{"value":"Google+Raleway","label":"Raleway","group":"Google Web Fonts"},{"value":"Google+Source+Sans+Pro","label":"Source Sans Pro","group":"Google Web Fonts"},{"value":"Google+ProximaNovaLight","label":"Proxima Nova","group":"Google Web Fonts"},{"value":"Google+Prata","label":"Prata","group":"Google Web Fonts"},{"value":"Google+Paytone+One","label":"Paytone One","group":"Google Web Fonts"},{"value":"Google+Quicksand","label":"Quicksand","group":"Google Web Fonts"},{"value":"Helvetica, Arial, sans-serif","label":"Helvetica\/Arial","group":"Sans-serif"},{"value":"Impact, Charcoal, Helvetica, Arial, sans-serif","label":"Impact","group":"Sans-serif"},{"value":"'Lucida Grande', 'Lucida Sans Unicode', 'Lucida Sans', Lucida, Helvetica, Arial, sans-serif","label":"Lucida Grande","group":"Sans-serif"},{"value":"Google+Roboto","label":"Roboto","group":"Sans-serif"},{"value":"Google+Roboto+Condensed","label":"Roboto Condensed","group":"Sans-serif"},{"value":"Google+Roboto+Slab","label":"Roboto Slab","group":"Sans-serif"},{"value":"Google+Rye","label":"Rye","group":"cursive"},{"value":"Trebuchet MS, sans-serif","label":"Trebuchet MS","group":"Sans-serif"},{"value":"Verdana, Helvetica, Arial, sans-serif","label":"Verdana","group":"Sans-serif"},{"value":"Garamond, Baskerville, Caslon, serif","label":"Garamond","group":"Serif"},{"value":"Georgia, Utopia, 'Times New Roman', Times, serif","label":"Georgia","group":"Serif"},{"value":"Palatino, 'Palatino Linotype', 'Book Antiqua', serif","label":"Palatino","group":"Serif"},{"value":"Google+Playfair+Display","label":"Playfair Display","group":"Serif"},{"value":"'Times New Roman', Times, serif","label":"Times New Roman","group":"Serif"},{"value":"'Courier New', Courier, monospace","label":"Courier New","group":"Monospace"},{"value":"Monaco, 'Lucida Console', 'DejaVu Sans Mono', monospace","label":"Monaco\/Lucida Console","group":"Monospace"},{"value":"montserratregular","label":"Montserrat Regular","group":"Custom"},{"value":"montserratlight","label":"Montserrat Light","group":"Custom"},{"value":"montserratsemi_bold","label":"Montserrat Semi Bold","group":"Custom"},{"value":"montserratbold","label":"Montserrat Bold","group":"Custom"},{"value":"futura_md_btmedium","label":"Futura Medium","group":"Custom"},{"value":"futura_bk_btbook","label":"Futura Book","group":"Custom"}]},{"type":"select","id":"type_base_size","label":"Base size","default":"16px","options":[{"value":"13px","label":"13px"},{"value":"14px","label":"14px"},{"value":"15px","label":"15px"},{"value":"16px","label":"16px"},{"value":"17px","label":"17px"},{"value":"18px","label":"18px"},{"value":"19px","label":"19px"},{"value":"20px","label":"20px"}]},{"type":"select","id":"body_weight_size","label":"Body Weight","default":"normal","options":[{"value":"normal","label":"Normal"},{"value":"300","label":"300"},{"value":"400","label":"400"},{"value":"500","label":"500"},{"value":"600","label":"600"},{"value":"800","label":"800"},{"value":"bold","label":"Bold"}]},{"type":"text","id":"text_spacing","label":"Text Spacing","default":"0.1"},{"type":"select","id":"header_font","label":"Header font","options":[{"value":"american_captainregular","label":"American captainregular","group":"Custom Web Fonts"},{"value":"futura_lightregular","label":"Futura lightregular","group":"Custom Web Fonts"},{"value":"Google+Arvo","label":"Arvo","group":"Google Web Fonts"},{"value":"Google+Asap","label":"Asap","group":"Google Web Fonts"},{"value":"Google+Barlow+Semi+Condensed","label":"Barlow Semi Condensed","group":"Google Web Fonts"},{"value":"Google+Barlow+Condensed","label":"Barlow Condensed","group":"Google Web Fonts"},{"value":"Google+Cabin","label":"Cabin","group":"Google Web Fonts"},{"value":"Google+Copse","label":"Copse","group":"Google Web Fonts"},{"value":"Google+Droid+Sans","label":"Droid Sans","group":"Google Web Fonts"},{"value":"Google+Droid+Serif","label":"Droid Serif","group":"Google Web Fonts"},{"value":"Google+Gentium+Book+Basic","label":"Gentium Book Basic","group":"Google Web Fonts"},{"value":"Google+Great+Vibes","label":"Great Vibes","group":"Google Web Fonts"},{"value":"Google+Hind","label":"Hind","group":"Google Web Fonts"},{"value":"Google+Josefin+Slab","label":"Josefin Slab","group":"Google Web Fonts"},{"value":"Google+Josefin+Sans","label":"Josefin Sans","group":"Google Web Fonts"},{"value":"Google+Kreon","label":"Kreon","group":"Google Web Fonts"},{"value":"Google+Lato","label":"Lato","group":"Google Web Fonts"},{"value":"Google+Lora","label":"Lora","group":"Google Web Fonts"},{"value":"Google+Muli","label":"Muli","group":"Google Web Fonts"},{"value":"Google+Montserrat","label":"Montserrat","group":"Google Web Fonts"},{"value":"Google+Merriweather","label":"Merriweather","group":"Google Web Fonts"},{"value":"Google+Old+Standard+TT","label":"Old Standard TT","group":"Google Web Fonts"},{"value":"Google+Open+Sans","label":"Open Sans","group":"Google Web Fonts"},{"value":"Google+Oswald","label":"Oswald","group":"Google Web Fonts"},{"value":"Google+Raleway","label":"Raleway","group":"Google Web Fonts"},{"value":"Google+Source+Sans+Pro","label":"Source Sans Pro","group":"Google Web Fonts"},{"value":"Google+ProximaNovaLight","label":"Proxima Nova","group":"Google Web Fonts"},{"value":"Google+Prata","label":"Prata","group":"Google Web Fonts"},{"value":"Google+Paytone+One","label":"Paytone One","group":"Google Web Fonts"},{"value":"Google+Quicksand","label":"Quicksand","group":"Google Web Fonts"},{"value":"Helvetica, Arial, sans-serif","label":"Helvetica\/Arial","group":"Sans-serif"},{"value":"Impact, Charcoal, Helvetica, Arial, sans-serif","label":"Impact","group":"Sans-serif"},{"value":"'Lucida Grande', 'Lucida Sans Unicode', 'Lucida Sans', Lucida, Helvetica, Arial, sans-serif","label":"Lucida Grande","group":"Sans-serif"},{"value":"Google+Roboto","label":"Roboto","group":"Sans-serif"},{"value":"Google+Roboto+Condensed","label":"Roboto Condensed","group":"Sans-serif"},{"value":"Google+Roboto+Slab","label":"Roboto Slab","group":"Sans-serif"},{"value":"Google+Rye","label":"Rye","group":"cursive"},{"value":"Trebuchet MS, sans-serif","label":"Trebuchet MS","group":"Sans-serif"},{"value":"Verdana, Helvetica, Arial, sans-serif","label":"Verdana","group":"Sans-serif"},{"value":"Garamond, Baskerville, Caslon, serif","label":"Garamond","group":"Serif"},{"value":"Georgia, Utopia, 'Times New Roman', Times, serif","label":"Georgia","group":"Serif"},{"value":"Palatino, 'Palatino Linotype', 'Book Antiqua', serif","label":"Palatino","group":"Serif"},{"value":"Google+Playfair+Display","label":"Playfair Display","group":"Serif"},{"value":"'Times New Roman', Times, serif","label":"Times New Roman","group":"Serif"},{"value":"'Courier New', Courier, monospace","label":"Courier New","group":"Monospace"},{"value":"Monaco, 'Lucida Console', 'DejaVu Sans Mono', monospace","label":"Monaco\/Lucida Console","group":"Monospace"},{"value":"montserratregular","label":"Montserrat Regular","group":"Custom"},{"value":"montserratlight","label":"Montserrat Light","group":"Custom"},{"value":"montserratsemi_bold","label":"Montserrat Semi Bold","group":"Custom"},{"value":"montserratbold","label":"Montserrat Bold","group":"Custom"},{"value":"futura_md_btmedium","label":"Futura Medium","group":"Custom"},{"value":"futura_bk_btbook","label":"Futura Book","group":"Custom"}]},{"type":"select","id":"type_weight_size","label":"Font Weight","default":"bold","options":[{"value":"normal","label":"Normal"},{"value":"300","label":"300"},{"value":"400","label":"400"},{"value":"500","label":"500"},{"value":"600","label":"600"},{"value":"800","label":"800"},{"value":"bold","label":"Bold"}]},{"type":"checkbox","id":"type_uppercase","label":"Uppercase"},{"type":"text","id":"heading_spacing","label":"Heading Spacing","default":"0.1"},{"type":"select","id":"type_header_base_size","label":"Heading H1 size","default":"50","options":[{"value":"20","label":"20px"},{"value":"22","label":"22px"},{"value":"24","label":"24px"},{"value":"26","label":"26px"},{"value":"28","label":"28px"},{"value":"30","label":"30px"},{"value":"32","label":"32px"},{"value":"34","label":"34px"},{"value":"36","label":"36px"},{"value":"40","label":"40px"},{"value":"42","label":"42px"},{"value":"44","label":"44px"},{"value":"46","label":"46px"},{"value":"48","label":"48px"},{"value":"50","label":"50px"},{"value":"60","label":"60px"},{"value":"70","label":"70px"},{"value":"80","label":"80px"},{"value":"100","label":"100px"},{"value":"120","label":"120px"}]},{"type":"select","id":"type_header_base_size_2","label":"Heading H2 Size","default":"40px","options":[{"value":"20px","label":"20px"},{"value":"22px","label":"22px"},{"value":"24px","label":"24px"},{"value":"26px","label":"26px"},{"value":"28px","label":"28px"},{"value":"30px","label":"30px"},{"value":"32px","label":"32px"},{"value":"34px","label":"34px"},{"value":"36px","label":"36px"},{"value":"40px","label":"40px"},{"value":"42px","label":"42px"},{"value":"44px","label":"44px"},{"value":"46px","label":"46px"},{"value":"48px","label":"48px"},{"value":"50px","label":"50px"},{"value":"60px","label":"60px"},{"value":"70px","label":"70px"},{"value":"80px","label":"80px"},{"value":"100px","label":"100px"},{"value":"120px","label":"120px"}]},{"type":"select","id":"type_header_base_size_3","label":"Heading H3 Size","default":"30px","options":[{"value":"20px","label":"20px"},{"value":"22px","label":"22px"},{"value":"24px","label":"24px"},{"value":"26px","label":"26px"},{"value":"28px","label":"28px"},{"value":"30px","label":"30px"},{"value":"32px","label":"32px"},{"value":"34px","label":"34px"},{"value":"36px","label":"36px"},{"value":"40px","label":"40px"},{"value":"42px","label":"42px"},{"value":"44px","label":"44px"},{"value":"46px","label":"46px"},{"value":"48px","label":"48px"},{"value":"50px","label":"50px"},{"value":"60px","label":"60px"},{"value":"70px","label":"70px"}]},{"type":"select","id":"type_header_base_size_4","label":"Heading H4 Size","default":"20px","options":[{"value":"20px","label":"20px"},{"value":"22px","label":"22px"},{"value":"24px","label":"24px"},{"value":"26px","label":"26px"},{"value":"28px","label":"28px"},{"value":"30px","label":"30px"},{"value":"32px","label":"32px"},{"value":"34px","label":"34px"},{"value":"36px","label":"36px"},{"value":"40px","label":"40px"},{"value":"42px","label":"42px"},{"value":"44px","label":"44px"},{"value":"46px","label":"46px"},{"value":"48px","label":"48px"},{"value":"50px","label":"50px"},{"value":"60px","label":"60px"},{"value":"70px","label":"70px"}]},{"type":"select","id":"type_header_base_size_5","label":"Heading H5 Size","default":"18px","options":[{"value":"16px","label":"16px"},{"value":"18px","label":"18px"},{"value":"20px","label":"20px"},{"value":"22px","label":"22px"},{"value":"24px","label":"24px"},{"value":"26px","label":"26px"},{"value":"28px","label":"28px"},{"value":"30px","label":"30px"},{"value":"32px","label":"32px"},{"value":"34px","label":"34px"},{"value":"36px","label":"36px"},{"value":"40px","label":"40px"},{"value":"42px","label":"42px"},{"value":"44px","label":"44px"},{"value":"46px","label":"46px"},{"value":"48px","label":"48px"},{"value":"50px","label":"50px"},{"value":"60px","label":"60px"},{"value":"70px","label":"70px"}]},{"type":"select","id":"type_header_base_size_6","label":"Heading H6 Size","default":"16px","options":[{"value":"14px","label":"14px"},{"value":"16px","label":"16px"},{"value":"18px","label":"18px"},{"value":"20px","label":"20px"},{"value":"22px","label":"22px"},{"value":"24px","label":"24px"},{"value":"26px","label":"26px"},{"value":"28px","label":"28px"},{"value":"30px","label":"30px"},{"value":"32px","label":"32px"},{"value":"34px","label":"34px"},{"value":"36px","label":"36px"},{"value":"40px","label":"40px"},{"value":"42px","label":"42px"},{"value":"44px","label":"44px"},{"value":"46px","label":"46px"},{"value":"48px","label":"48px"},{"value":"50px","label":"50px"},{"value":"60px","label":"60px"},{"value":"70px","label":"70px"}]},{"type":"select","id":"sub_header_font","label":"Sub Header font","options":[{"value":"american_captainregular","label":"American captainregular","group":"Custom Web Fonts"},{"value":"futura_lightregular","label":"Futura lightregular","group":"Custom Web Fonts"},{"value":"Google+Arvo","label":"Arvo","group":"Google Web Fonts"},{"value":"Google+Asap","label":"Asap","group":"Google Web Fonts"},{"value":"Google+Barlow+Semi+Condensed","label":"Barlow Semi Condensed","group":"Google Web Fonts"},{"value":"Google+Barlow+Condensed","label":"Barlow Condensed","group":"Google Web Fonts"},{"value":"Google+Cabin","label":"Cabin","group":"Google Web Fonts"},{"value":"Google+Copse","label":"Copse","group":"Google Web Fonts"},{"value":"Google+Courgette","label":"Courgette","group":"Google Web Fonts"},{"value":"Google+Droid+Sans","label":"Droid Sans","group":"Google Web Fonts"},{"value":"Google+Droid+Serif","label":"Droid Serif","group":"Google Web Fonts"},{"value":"Google+Gentium+Book+Basic","label":"Gentium Book Basic","group":"Google Web Fonts"},{"value":"Google+Great+Vibes","label":"Great Vibes","group":"Google Web Fonts"},{"value":"Google+Hind","label":"Hind","group":"Google Web Fonts"},{"value":"Google+Josefin+Slab","label":"Josefin Slab","group":"Google Web Fonts"},{"value":"Google+Josefin+Sans","label":"Josefin Sans","group":"Google Web Fonts"},{"value":"Google+Kreon","label":"Kreon","group":"Google Web Fonts"},{"value":"Google+Lato","label":"Lato","group":"Google Web Fonts"},{"value":"Google+Lora","label":"Lora","group":"Google Web Fonts"},{"value":"Google+Muli","label":"Muli","group":"Google Web Fonts"},{"value":"Google+Montserrat","label":"Montserrat","group":"Google Web Fonts"},{"value":"Google+Merriweather","label":"Merriweather","group":"Google Web Fonts"},{"value":"Google+Old+Standard+TT","label":"Old Standard TT","group":"Google Web Fonts"},{"value":"Google+Open+Sans","label":"Open Sans","group":"Google Web Fonts"},{"value":"Google+Oswald","label":"Oswald","group":"Google Web Fonts"},{"value":"Google+Raleway","label":"Raleway","group":"Google Web Fonts"},{"value":"Google+Source+Sans+Pro","label":"Source Sans Pro","group":"Google Web Fonts"},{"value":"Google+ProximaNovaLight","label":"Proxima Nova","group":"Google Web Fonts"},{"value":"Google+Prata","label":"Prata","group":"Google Web Fonts"},{"value":"Google+Paytone+One","label":"Paytone One","group":"Google Web Fonts"},{"value":"Google+Quicksand","label":"Quicksand","group":"Google Web Fonts"},{"value":"Google+Playfair+Display","label":"Playfair Display","group":"Google Web Fonts"},{"value":"Google+Poppins","label":"Poppins","group":"Google Web Fonts"},{"value":"Helvetica, Arial, sans-serif","label":"Helvetica\/Arial","group":"Sans-serif"},{"value":"Impact, Charcoal, Helvetica, Arial, sans-serif","label":"Impact","group":"Sans-serif"},{"value":"'Lucida Grande', 'Lucida Sans Unicode', 'Lucida Sans', Lucida, Helvetica, Arial, sans-serif","label":"Lucida Grande","group":"Sans-serif"},{"value":"Google+Roboto","label":"Roboto","group":"Sans-serif"},{"value":"Google+Roboto+Condensed","label":"Roboto Condensed","group":"Sans-serif"},{"value":"Google+Roboto+Slab","label":"Roboto Slab","group":"Sans-serif"},{"value":"Google+Rye","label":"Rye","group":"cursive"},{"value":"Trebuchet MS, sans-serif","label":"Trebuchet MS","group":"Sans-serif"},{"value":"Verdana, Helvetica, Arial, sans-serif","label":"Verdana","group":"Sans-serif"},{"value":"Garamond, Baskerville, Caslon, serif","label":"Garamond","group":"Serif"},{"value":"Georgia, Utopia, 'Times New Roman', Times, serif","label":"Georgia","group":"Serif"},{"value":"Palatino, 'Palatino Linotype', 'Book Antiqua', serif","label":"Palatino","group":"Serif"},{"value":"'Times New Roman', Times, serif","label":"Times New Roman","group":"Serif"},{"value":"'Courier New', Courier, monospace","label":"Courier New","group":"Monospace"},{"value":"Monaco, 'Lucida Console', 'DejaVu Sans Mono', monospace","label":"Monaco\/Lucida Console","group":"Monospace"},{"value":"montserratregular","label":"Montserrat Regular","group":"Custom"},{"value":"montserratlight","label":"Montserrat Light","group":"Custom"},{"value":"montserratsemi_bold","label":"Montserrat Semi Bold","group":"Custom"},{"value":"montserratbold","label":"Montserrat Bold","group":"Custom"},{"value":"futura_md_btmedium","label":"Futura Medium","group":"Custom"},{"value":"futura_bk_btbook","label":"Futura Book","group":"Custom"}]},{"type":"select","id":"other_font","label":"Slider font","options":[{"value":"american_captainregular","label":"American captainregular","group":"Custom Web Fonts"},{"value":"futura_lightregular","label":"Futura lightregular","group":"Custom Web Fonts"},{"value":"Google+Arvo","label":"Arvo","group":"Google Web Fonts"},{"value":"Google+Asap","label":"Asap","group":"Google Web Fonts"},{"value":"Google+Barlow+Semi+Condensed","label":"Barlow Semi Condensed","group":"Google Web Fonts"},{"value":"Google+Barlow+Condensed","label":"Barlow Condensed","group":"Google Web Fonts"},{"value":"Google+Cabin","label":"Cabin","group":"Google Web Fonts"},{"value":"Google+Copse","label":"Copse","group":"Google Web Fonts"},{"value":"Google+Droid+Sans","label":"Droid Sans","group":"Google Web Fonts"},{"value":"Google+Droid+Serif","label":"Droid Serif","group":"Google Web Fonts"},{"value":"Google+Gentium+Book+Basic","label":"Gentium Book Basic","group":"Google Web Fonts"},{"value":"Google+Great+Vibes","label":"Great Vibes","group":"Google Web Fonts"},{"value":"Google+Hind","label":"Hind","group":"Google Web Fonts"},{"value":"Google+Josefin+Slab","label":"Josefin Slab","group":"Google Web Fonts"},{"value":"Google+Josefin+Sans","label":"Josefin Sans","group":"Google Web Fonts"},{"value":"Google+Kreon","label":"Kreon","group":"Google Web Fonts"},{"value":"Google+Lato","label":"Lato","group":"Google Web Fonts"},{"value":"Google+Lora","label":"Lora","group":"Google Web Fonts"},{"value":"Google+Muli","label":"Muli","group":"Google Web Fonts"},{"value":"Google+Montserrat","label":"Montserrat","group":"Google Web Fonts"},{"value":"Google+Merriweather","label":"Merriweather","group":"Google Web Fonts"},{"value":"Google+Old+Standard+TT","label":"Old Standard TT","group":"Google Web Fonts"},{"value":"Google+Open+Sans","label":"Open Sans","group":"Google Web Fonts"},{"value":"Google+Oswald","label":"Oswald","group":"Google Web Fonts"},{"value":"Google+Raleway","label":"Raleway","group":"Google Web Fonts"},{"value":"Google+Source+Sans+Pro","label":"Source Sans Pro","group":"Google Web Fonts"},{"value":"Google+ProximaNovaLight","label":"Proxima Nova","group":"Google Web Fonts"},{"value":"Google+Prata","label":"Prata","group":"Google Web Fonts"},{"value":"Google+Paytone+One","label":"Paytone One","group":"Google Web Fonts"},{"value":"Google+Quicksand","label":"Quicksand","group":"Google Web Fonts"},{"value":"Helvetica, Arial, sans-serif","label":"Helvetica\/Arial","group":"Sans-serif"},{"value":"Impact, Charcoal, Helvetica, Arial, sans-serif","label":"Impact","group":"Sans-serif"},{"value":"'Lucida Grande', 'Lucida Sans Unicode', 'Lucida Sans', Lucida, Helvetica, Arial, sans-serif","label":"Lucida Grande","group":"Sans-serif"},{"value":"Google+Roboto","label":"Roboto","group":"Sans-serif"},{"value":"Google+Roboto+Condensed","label":"Roboto Condensed","group":"Sans-serif"},{"value":"Google+Roboto+Slab","label":"Roboto Slab","group":"Sans-serif"},{"value":"Google+Rye","label":"Rye","group":"cursive"},{"value":"Trebuchet MS, sans-serif","label":"Trebuchet MS","group":"Sans-serif"},{"value":"Verdana, Helvetica, Arial, sans-serif","label":"Verdana","group":"Sans-serif"},{"value":"Garamond, Baskerville, Caslon, serif","label":"Garamond","group":"Serif"},{"value":"Georgia, Utopia, 'Times New Roman', Times, serif","label":"Georgia","group":"Serif"},{"value":"Palatino, 'Palatino Linotype', 'Book Antiqua', serif","label":"Palatino","group":"Serif"},{"value":"Google+Playfair+Display","label":"Playfair Display","group":"Serif"},{"value":"'Times New Roman', Times, serif","label":"Times New Roman","group":"Serif"},{"value":"'Courier New', Courier, monospace","label":"Courier New","group":"Monospace"},{"value":"Monaco, 'Lucida Console', 'DejaVu Sans Mono', monospace","label":"Monaco\/Lucida Console","group":"Monospace"},{"value":"montserratregular","label":"Montserrat Regular","group":"Custom"},{"value":"montserratlight","label":"Montserrat Light","group":"Custom"},{"value":"montserratsemi_bold","label":"Montserrat Semi Bold","group":"Custom"},{"value":"montserratbold","label":"Montserrat Bold","group":"Custom"},{"value":"futura_md_btmedium","label":"Futura Medium","group":"Custom"},{"value":"futura_bk_btbook","label":"Futura Book","group":"Custom"}]},{"type":"select","id":"special_font","label":"Special font","options":[{"value":"american_captainregular","label":"American captainregular","group":"Custom Web Fonts"},{"value":"futura_lightregular","label":"Futura lightregular","group":"Custom Web Fonts"},{"value":"Google+Arvo","label":"Arvo","group":"Google Web Fonts"},{"value":"Google+Asap","label":"Asap","group":"Google Web Fonts"},{"value":"Google+Barlow+Semi+Condensed","label":"Barlow Semi Condensed","group":"Google Web Fonts"},{"value":"Google+Barlow+Condensed","label":"Barlow Condensed","group":"Google Web Fonts"},{"value":"Google+Cabin","label":"Cabin","group":"Google Web Fonts"},{"value":"Google+Copse","label":"Copse","group":"Google Web Fonts"},{"value":"Google+Droid+Sans","label":"Droid Sans","group":"Google Web Fonts"},{"value":"Google+Droid+Serif","label":"Droid Serif","group":"Google Web Fonts"},{"value":"Google+Gentium+Book+Basic","label":"Gentium Book Basic","group":"Google Web Fonts"},{"value":"Google+Great+Vibes","label":"Great Vibes","group":"Google Web Fonts"},{"value":"Google+Hind","label":"Hind","group":"Google Web Fonts"},{"value":"Google+Josefin+Slab","label":"Josefin Slab","group":"Google Web Fonts"},{"value":"Google+Josefin+Sans","label":"Josefin Sans","group":"Google Web Fonts"},{"value":"Google+Kreon","label":"Kreon","group":"Google Web Fonts"},{"value":"Google+Lato","label":"Lato","group":"Google Web Fonts"},{"value":"Google+Lora","label":"Lora","group":"Google Web Fonts"},{"value":"Google+Muli","label":"Muli","group":"Google Web Fonts"},{"value":"Google+Montserrat","label":"Montserrat","group":"Google Web Fonts"},{"value":"Google+Merriweather","label":"Merriweather","group":"Google Web Fonts"},{"value":"Google+Old+Standard+TT","label":"Old Standard TT","group":"Google Web Fonts"},{"value":"Google+Open+Sans","label":"Open Sans","group":"Google Web Fonts"},{"value":"Google+Oswald","label":"Oswald","group":"Google Web Fonts"},{"value":"Google+Raleway","label":"Raleway","group":"Google Web Fonts"},{"value":"Google+Source+Sans+Pro","label":"Source Sans Pro","group":"Google Web Fonts"},{"value":"Google+ProximaNovaLight","label":"Proxima Nova","group":"Google Web Fonts"},{"value":"Google+Prata","label":"Prata","group":"Google Web Fonts"},{"value":"Google+Paytone+One","label":"Paytone One","group":"Google Web Fonts"},{"value":"Google+Quicksand","label":"Quicksand","group":"Google Web Fonts"},{"value":"Helvetica, Arial, sans-serif","label":"Helvetica\/Arial","group":"Sans-serif"},{"value":"Impact, Charcoal, Helvetica, Arial, sans-serif","label":"Impact","group":"Sans-serif"},{"value":"'Lucida Grande', 'Lucida Sans Unicode', 'Lucida Sans', Lucida, Helvetica, Arial, sans-serif","label":"Lucida Grande","group":"Sans-serif"},{"value":"Google+Roboto","label":"Roboto","group":"Sans-serif"},{"value":"Google+Roboto+Condensed","label":"Roboto Condensed","group":"Sans-serif"},{"value":"Google+Roboto+Slab","label":"Roboto Slab","group":"Sans-serif"},{"value":"Google+Rye","label":"Rye","group":"cursive"},{"value":"Trebuchet MS, sans-serif","label":"Trebuchet MS","group":"Sans-serif"},{"value":"Verdana, Helvetica, Arial, sans-serif","label":"Verdana","group":"Sans-serif"},{"value":"Garamond, Baskerville, Caslon, serif","label":"Garamond","group":"Serif"},{"value":"Georgia, Utopia, 'Times New Roman', Times, serif","label":"Georgia","group":"Serif"},{"value":"Palatino, 'Palatino Linotype', 'Book Antiqua', serif","label":"Palatino","group":"Serif"},{"value":"Google+Playfair+Display","label":"Playfair Display","group":"Serif"},{"value":"'Times New Roman', Times, serif","label":"Times New Roman","group":"Serif"},{"value":"'Courier New', Courier, monospace","label":"Courier New","group":"Monospace"},{"value":"Monaco, 'Lucida Console', 'DejaVu Sans Mono', monospace","label":"Monaco\/Lucida Console","group":"Monospace"},{"value":"montserratregular","label":"Montserrat Regular","group":"Custom"},{"value":"montserratlight","label":"Montserrat Light","group":"Custom"},{"value":"montserratsemi_bold","label":"Montserrat Semi Bold","group":"Custom"},{"value":"montserratbold","label":"Montserrat Bold","group":"Custom"},{"value":"futura_md_btmedium","label":"Futura Medium","group":"Custom"},{"value":"futura_bk_btbook","label":"Futura Book","group":"Custom"}]}]},{"name":"Colors","settings":[{"type":"color","id":"color_body_bg","label":"Body background","default":"#ffffff"},{"type":"checkbox","id":"enable_bg_image","label":"Enable Background image","default":false},{"type":"image_picker","id":"body_bg_image","label":"Background image"},{"type":"color","id":"overlay_bg","label":"Overlay background","default":"#000"},{"type":"color","id":"color_borders","label":"Lines and borders","default":"#e5e5e5"},{"type":"color","id":"black_borders","label":"Black border","default":"#e5e5e5"},{"type":"header","content":"Buttons"},{"type":"color","id":"color_primary","label":"Primary buttons Bg","default":"#204a80"},{"type":"color","id":"color_primary_border","label":"Primary buttons Border","default":"#204a80"},{"type":"color","id":"color_button_primary_text","label":"Primary buttons text","default":"#ffffff"},{"type":"color","id":"primary_hover_btn","label":"Primary hover buttons Bg","default":"#ff003a"},{"type":"color","id":"primary_hover_btn_text","label":"Primary hover buttons text","default":"#fff"},{"type":"color","id":"color_secondary","label":"secondary buttons Bg","default":"#204a80"},{"type":"color","id":"color_secondary_border","label":"secondary buttons Border","default":"#204a80"},{"type":"color","id":"color_sold","label":"Sold button","default":"#dcdcdc"},{"type":"color","id":"color_sold_text","label":"Sold button text","default":"#ffffff"},{"type":"color","id":"sale_bg","label":"Sale button","default":"#11b00d"},{"type":"color","id":"sale_button_text","label":"Sale button text","default":"#ffffff"},{"type":"color","id":"new_bg","label":"New button","default":"#11b00d"},{"type":"color","id":"new_button_text","label":"New button text","default":"#ffffff"},{"type":"color","id":"offer_bg","label":"Offer button","default":"#11b00d"},{"type":"color","id":"offer_button_text","label":"Offer button text","default":"#ffffff"},{"type":"header","content":"Text"},{"type":"color","id":"color_body_text","label":"Body","default":"#333333"},{"type":"color","id":"link_color","label":"Link color","default":"#000"},{"type":"color","id":"color_primary_color","label":"Link hover color","default":"#db0022"},{"type":"color","id":"title_border","label":"Heading Border","default":"#17313e"},{"type":"checkbox","id":"heading_image_need","label":"Heading_Image Use?"},{"type":"image","id":"heading_image.png","label":"Image","info":"Size: 153x102"},{"type":"color","id":"color_heading_type1_color","label":"Small Heading Color","default":"#17313e"},{"type":"color","id":"color_heading_color","label":"Heading Color","default":"#17313e"},{"type":"header","content":"Product"},{"type":"checkbox","id":"secondary_image_use","label":"Use Product Hover Image?","default":true},{"type":"checkbox","id":"show_img_height","label":"Show Image Height"},{"type":"text","id":"products_img_height","label":"Product Image Height","default":"400"},{"type":"text","id":"products_img_height_tab","label":"Product Image Height in Tab","default":"400"},{"type":"select","id":"product_row_mob","label":"On Mobile Product Row","options":[{"value":"single","label":"single"},{"value":"double","label":"double"}]},{"type":"checkbox","id":"overlay_use","label":"Use Overlay"},{"type":"color","id":"product_overlay","label":"Product Overlay","default":"#17313e"},{"type":"color","id":"products_icon_bg","label":"Product Icon Bg","default":"#17313e"},{"type":"color","id":"products_icon_clr","label":"Product Icon Color","default":"#17313e"},{"type":"color","id":"products_icon_hover_bg","label":"Product Icon Hover Bg","default":"#17313e"},{"type":"color","id":"products_icon_hover_clr","label":"Product Icon Hover Color","default":"#17313e"},{"type":"text","id":"products_gutter","label":"Product Gutter","default":"10"},{"type":"text","id":"products_border_radius","label":"Product Border Radius","default":"7"},{"type":"checkbox","id":"products_border_full","label":"Product Full Border Use?"},{"type":"text","id":"products_full_border_width","label":"Product Full Border Width","default":"2"},{"type":"color","id":"products_full_border","label":"Product Full Border","default":"#17313e"},{"type":"color","id":"products_full_hover_border","label":"Product Full Hover Border","default":"#0e5ec1"},{"type":"checkbox","id":"products_border_use","label":"Product Image Border Use?"},{"type":"text","id":"products_border_width","label":"Product Image Border Width","default":"2"},{"type":"color","id":"products_border","label":"Product Image Border","default":"#fff"},{"type":"color","id":"products_border_2","label":"Product Image Border 2","default":"#fff"},{"type":"color","id":"products_det_bg","label":"Product Detail Bg","default":"#17313e"},{"type":"color","id":"product_title_bg_color","label":"Product Bg color","default":"#fff"},{"type":"color","id":"product_title_color","label":"Product title color","default":"#17313e"},{"type":"color","id":"product_title_hover_color","label":"Product title hover color","default":"#17313e"},{"type":"color","id":"product_price","label":"Product Price","default":"#333333"},{"type":"color","id":"product_cmp_price","label":"Product Compare Price","default":"#bcbcbc"},{"type":"color","id":"product_vendor","label":"Product Vendor","default":"#bcbcbc"},{"type":"color","id":"product_label_color","label":"Product Label color","default":"#17313e"},{"type":"checkbox","id":"show_ex_tax","label":"Sale Tax Label ","default":true},{"type":"text","id":"ex_tax","label":"Sale Tax Text","default":"Ex of Sale Tax"},{"type":"header","content":"Sidebar"},{"type":"color","id":"sidebar_bg","label":"Sidebar Border","default":"#69bff1"},{"type":"color","id":"sidebar_text","label":"Sidebar Text Color","default":"#fff"}]},{"name":"Breadcrumb","settings":[{"type":"checkbox","id":"use_breadcrumb","label":"Use Breadcrumb?","default":true},{"type":"checkbox","id":"breadcrumb_bg_image","label":"Breadcrumb background image"},{"type":"image_picker","id":"breadcrumb_image"},{"type":"color","id":"color_image_overlay","label":"Background","default":"#685858"},{"type":"color","id":"breadcrumb_text_color","label":"Breadcrumb text color","default":"#000"},{"type":"color","id":"breadcrumb_text_hover_color","label":"Breadcrumb text hover color","default":"#000"},{"type":"range","id":"image_overlay_opacity","label":"Opacity","min":0,"max":100,"step":1,"unit":"%","default":40}]},{"name":"Images","settings":[{"type":"image","id":"minicart_icon_img_1.png","label":"Cart Image 1"},{"type":"image","id":"minicart_icon_img_2.png","label":"Cart Image 2"},{"type":"image","id":"minicart_icon_img_3.png","label":"Cart Image 3"},{"type":"checkbox","id":"top_to_btm","label":"Top to Bottom Image ?"},{"type":"image","id":"top_to_btm.png"}]},{"name":"Header","settings":[{"type":"select","id":"header_style_1","label":"Header Style","options":[{"value":"style_1","label":"Header 1"},{"value":"style_2","label":"Header 2"},{"value":"style_3","label":"Header 3"},{"value":"style_4","label":"Header 4"},{"value":"style_5","label":"Header 5"},{"value":"style_6","label":"Header 6"},{"value":"style_7","label":"Header 7"},{"value":"style_8","label":"Header 8"},{"value":"style_9","label":"Header 9"},{"value":"style_10","label":"Header 10"}]},{"type":"checkbox","id":"use_sticky_header","label":"Use sticky header","default":false},{"type":"header","content":"Dropdown Cart"},{"type":"select","id":"redirect_button","label":"Redirect Continue Shopping button","default":"link_to","options":[{"value":"link_to","label":"Input link for button"},{"value":"go_back","label":"Go back to previous page"},{"value":"none","label":"Stay on the same page"}]}]},{"name":"Quick Shop Options","settings":[{"type":"checkbox","id":"enable_quick_view","label":"Enable quick view","default":true},{"type":"checkbox","id":"show_prt_quickview_desc","label":"Enable Quickview Product Description","default":false},{"type":"checkbox","id":"display_quick_availability","label":"Enable Quickview Availability?","default":false},{"type":"checkbox","id":"display_quick_subtotal","label":"Display Subtotal?","default":true}]},{"name":"General Options","settings":[{"type":"checkbox","id":"animae_enable","label":"Use Animation?","default":true},{"type":"checkbox","id":"collections_show_sale_circle","label":"Show product sale circle","default":true},{"type":"checkbox","id":"collections_show_sold_out_circle","label":"Show product sold out circle","default":true},{"type":"checkbox","id":"offer_price_enable","label":"Enable offer %","default":true},{"type":"checkbox","id":"collections_show_new_circle","label":"Enable New tag","default":true},{"type":"checkbox","id":"display_vendor","label":"Display vendor ","default":true},{"type":"checkbox","id":"display_subtotal","label":"Display Subtotal?","default":true},{"type":"checkbox","id":"enable_add_cart","label":"Enable add to cart","default":true},{"type":"checkbox","id":"enable_compare","label":"Enable compare option","default":true},{"type":"checkbox","id":"enable_wishlist","label":"Enable wishlist","default":true},{"type":"checkbox","id":"display_color_variant","label":"Display Color Variant","default":true},{"type":"checkbox","id":"display_item_size","label":"Display Size Variant","default":true},{"type":"checkbox","id":"product_review","label":"Enable Product Review","default":false},{"type":"header","content":"Multiple Filter Choices"},{"type":"checkbox","id":"enable_sidebar_multiple_choice","label":"Enable","default":true,"info":"User can select multiple colors (size, brand...) or only one color (size, brand...)?"},{"type":"checkbox","id":"color_tooltip","label":"Enable Color Tooltip","default":true},{"type":"checkbox","id":"enable_filters","label":"Enable filter","default":true}]},{"name":"Sidebars","settings":[{"type":"select","id":"collection_sidebar_use","label":"Collection Sidebar","default":"left_sidebar","options":[{"value":"left_sidebar","label":"Left Sidebar"},{"value":"right_sidebar","label":"Right Sidebar"},{"value":"full_width","label":"Full Width"}]},{"type":"checkbox","id":"collection_sidebar_mobile","label":"Enable Collection Sidebar On Mobile ?","default":false},{"type":"select","id":"product_page_sidebar","label":"Use Product sidebar ","default":"left_sidebar","options":[{"value":"left_sidebar","label":"Left Sidebar"},{"value":"right_sidebar","label":"Right Sidebar"},{"value":"full_width","label":"Full Width"}]},{"type":"checkbox","id":"product_sidebar_mobile","label":"Enable Product Sidebar On Mobile ?","default":false},{"type":"select","id":"blog_page_sidebar","label":"Blog Sidebar","default":"left_sidebar","options":[{"value":"left_sidebar","label":"Left Sidebar"},{"value":"right_sidebar","label":"Right Sidebar"},{"value":"full_width","label":"Full Width"}]},{"type":"checkbox","id":"collection_infinite_scrolling","label":"Enable Infinite Scrolling (Show More Button)","default":true},{"type":"checkbox","id":"infinity_scroll_feature","label":"Enable Infinity Scroll Feature","default":true}]},{"name":"List Collection page","settings":[{"type":"checkbox","id":"use_custom_list_collection","label":"Use custom list collection"},{"type":"link_list","id":"list-collections","label":"Pick custom  linkedlist"},{"type":"text","id":"collection_btn_text","label":"Btn text","default":"Read More"}]},{"name":"Product page","settings":[{"type":"select","id":"single_product_layout_type","label":"Layout Style","options":[{"value":"layout_style_1","label":"Layout 1"},{"value":"layout_style_2","label":"Layout 2"},{"value":"layout_style_3","label":"Layout 3"},{"value":"layout_style_4","label":"Layout 4"},{"value":"layout_style_5","label":"Layout 5"}],"default":"layout_style_1","info":"Layout 1"},{"type":"checkbox","id":"display_availability","label":"Display Availability?","default":true},{"type":"checkbox","id":"enable_color_swatch","label":"Enable color swatch?"},{"type":"text","id":"option_color_swatch","label":"Use Color Swatch For Option","default":"Color"},{"type":"select","id":"color_swatch_style","label":"Color Swatch:","options":[{"value":"normal","label":"Color for Swatch"},{"value":"variant","label":"Variant images for Swatch"},{"value":"variant_grouped","label":"Variant Images Grouped"}],"default":"normal"},{"type":"checkbox","id":"enable_linked_option","label":"Enable linked options?"},{"type":"checkbox","id":"enable_zoom_option","label":"Enable Zoom options?"}]},{"name":"Cart page","settings":[{"type":"checkbox","id":"cart_notes_enable","label":"Enable order notes"},{"type":"checkbox","id":"use_ajax_cart","label":"Enable ajax cart","default":true},{"type":"color","id":"cart_title_bg","label":"Title Bg","default":"#000"},{"type":"color","id":"cart_title_clr","label":"Title color","default":"#000"},{"type":"select","id":"ajax_cart_method","label":"Cart type","options":[{"value":"drawer","label":"Drawer"},{"value":"page","label":"Page"}]}]},{"name":"Shipping Rates Calculator","settings":[{"type":"header","content":"Shipping rate calculator"},{"type":"checkbox","id":"show_shipping_calculator","label":"Display shipping rates calculator","default":true},{"type":"text","id":"shipping_calculator_heading","label":"Shipping Rates Calculator Heading","default":"Shipping rates calculator"},{"type":"select","id":"shipping_calculator_default_country","label":"Shipping Rates Calculator default country selection","options":[{"value":"","label":"-- Please Select --"},{"value":"Vietnam","label":"Vietnam"},{"value":"Canada","label":"Canada"},{"value":"Australia","label":"Australia"},{"value":"Afghanistan","label":"Afghanistan"},{"value":"Aland Islands","label":"Aland Islands"},{"value":"Albania","label":"Albania"},{"value":"Algeria","label":"Algeria"},{"value":"Andorra","label":"Andorra"},{"value":"Angola","label":"Angola"},{"value":"Anguilla","label":"Anguilla"},{"value":"Antigua And Barbuda","label":"Antigua And Barbuda"},{"value":"Argentina","label":"Argentina"},{"value":"Armenia","label":"Armenia"},{"value":"Aruba","label":"Aruba"},{"value":"Austria","label":"Austria"},{"value":"Azerbaijan","label":"Azerbaijan"},{"value":"Bahamas","label":"Bahamas"},{"value":"Bahrain","label":"Bahrain"},{"value":"Bangladesh","label":"Bangladesh"},{"value":"Barbados","label":"Barbados"},{"value":"Belarus","label":"Belarus"},{"value":"Belgium","label":"Belgium"},{"value":"Belize","label":"Belize"},{"value":"Benin","label":"Benin"},{"value":"Bermuda","label":"Bermuda"},{"value":"Bhutan","label":"Bhutan"},{"value":"Bolivia","label":"Bolivia"},{"value":"Bosnia And Herzegovina","label":"Bosnia And Herzegovina"},{"value":"Botswana","label":"Botswana"},{"value":"Bouvet Island","label":"Bouvet Island"},{"value":"Brazil","label":"Brazil"},{"value":"British Indian Ocean Territory","label":"British Indian Ocean Territory"},{"value":"Brunei","label":"Brunei"},{"value":"Bulgaria","label":"Bulgaria"},{"value":"Burkina Faso","label":"Burkina Faso"},{"value":"Burma","label":"Burma"},{"value":"Burundi","label":"Burundi"},{"value":"Cambodia","label":"Cambodia"},{"value":"Cape Verde","label":"Cape Verde"},{"value":"Cayman Islands","label":"Cayman Islands"},{"value":"Central African Republic","label":"Central African Republic"},{"value":"Chad","label":"Chad"},{"value":"Chile","label":"Chile"},{"value":"China","label":"China"},{"value":"Christmas Island","label":"Christmas Island"},{"value":"Cocos (Keeling) Islands","label":"Cocos (Keeling) Islands"},{"value":"Colombia","label":"Colombia"},{"value":"Comoros","label":"Comoros"},{"value":"Congo","label":"Congo"},{"value":"Congo, The Democratic Republic Of The","label":"Congo, The Democratic Republic Of The"},{"value":"Cook Islands","label":"Cook Islands"},{"value":"Costa Rica","label":"Costa Rica"},{"value":"Croatia","label":"Croatia"},{"value":"Cuba","label":"Cuba"},{"value":"Curaçao","label":"Curaçao"},{"value":"Cyprus","label":"Cyprus"},{"value":"Czech Republic","label":"Czech Republic"},{"value":"Côte d'Ivoire","label":"Côte d'Ivoire"},{"value":"Denmark","label":"Denmark"},{"value":"Djibouti","label":"Djibouti"},{"value":"Dominica","label":"Dominica"},{"value":"Dominican Republic","label":"Dominican Republic"},{"value":"Ecuador","label":"Ecuador"},{"value":"Egypt","label":"Egypt"},{"value":"El Salvador","label":"El Salvador"},{"value":"Equatorial Guinea","label":"Equatorial Guinea"},{"value":"Eritrea","label":"Eritrea"},{"value":"Estonia","label":"Estonia"},{"value":"Ethiopia","label":"Ethiopia"},{"value":"Falkland Islands (Malvinas)","label":"Falkland Islands (Malvinas)"},{"value":"Faroe Islands","label":"Faroe Islands"},{"value":"Fiji","label":"Fiji"},{"value":"Finland","label":"Finland"},{"value":"France","label":"France"},{"value":"French Guiana","label":"French Guiana"},{"value":"French Polynesia","label":"French Polynesia"},{"value":"French Southern Territories","label":"French Southern Territories"},{"value":"Gabon","label":"Gabon"},{"value":"Gambia","label":"Gambia"},{"value":"Georgia","label":"Georgia"},{"value":"Germany","label":"Germany"},{"value":"Ghana","label":"Ghana"},{"value":"Gibraltar","label":"Gibraltar"},{"value":"Greece","label":"Greece"},{"value":"Greenland","label":"Greenland"},{"value":"Grenada","label":"Grenada"},{"value":"Guadeloupe","label":"Guadeloupe"},{"value":"Guatemala","label":"Guatemala"},{"value":"Guernsey","label":"Guernsey"},{"value":"Guinea","label":"Guinea"},{"value":"Guinea Bissau","label":"Guinea Bissau"},{"value":"Guyana","label":"Guyana"},{"value":"Haiti","label":"Haiti"},{"value":"Heard Island And Mcdonald Islands","label":"Heard Island And Mcdonald Islands"},{"value":"Holy See (Vatican City State)","label":"Holy See (Vatican City State)"},{"value":"Honduras","label":"Honduras"},{"value":"Hong Kong","label":"Hong Kong"},{"value":"Hungary","label":"Hungary"},{"value":"Iceland","label":"Iceland"},{"value":"India","label":"India"},{"value":"Indonesia","label":"Indonesia"},{"value":"Iran, Islamic Republic Of","label":"Iran, Islamic Republic Of"},{"value":"Iraq","label":"Iraq"},{"value":"Ireland","label":"Ireland"},{"value":"Isle Of Man","label":"Isle Of Man"},{"value":"Israel","label":"Israel"},{"value":"Italy","label":"Italy"},{"value":"Jamaica","label":"Jamaica"},{"value":"Japan","label":"Japan"},{"value":"Jersey","label":"Jersey"},{"value":"Jordan","label":"Jordan"},{"value":"Kazakhstan","label":"Kazakhstan"},{"value":"Kenya","label":"Kenya"},{"value":"Kiribati","label":"Kiribati"},{"value":"Korea, Democratic People's Republic Of","label":"Korea, Democratic People's Republic Of"},{"value":"Kosovo","label":"Kosovo"},{"value":"Kuwait","label":"Kuwait"},{"value":"Kyrgyzstan","label":"Kyrgyzstan"},{"value":"Lao People's Democratic Republic","label":"Lao People's Democratic Republic"},{"value":"Latvia","label":"Latvia"},{"value":"Lebanon","label":"Lebanon"},{"value":"Lesotho","label":"Lesotho"},{"value":"Liberia","label":"Liberia"},{"value":"Libyan Arab Jamahiriya","label":"Libyan Arab Jamahiriya"},{"value":"Liechtenstein","label":"Liechtenstein"},{"value":"Lithuania","label":"Lithuania"},{"value":"Luxembourg","label":"Luxembourg"},{"value":"Macao","label":"Macao"},{"value":"Macedonia, Republic Of","label":"Macedonia, Republic Of"},{"value":"Madagascar","label":"Madagascar"},{"value":"Malawi","label":"Malawi"},{"value":"Malaysia","label":"Malaysia"},{"value":"Maldives","label":"Maldives"},{"value":"Mali","label":"Mali"},{"value":"Malta","label":"Malta"},{"value":"Martinique","label":"Martinique"},{"value":"Mauritania","label":"Mauritania"},{"value":"Mauritius","label":"Mauritius"},{"value":"Mayotte","label":"Mayotte"},{"value":"Mexico","label":"Mexico"},{"value":"Moldova, Republic of","label":"Moldova, Republic of"},{"value":"Monaco","label":"Monaco"},{"value":"Mongolia","label":"Mongolia"},{"value":"Montenegro","label":"Montenegro"},{"value":"Montserrat","label":"Montserrat"},{"value":"Morocco","label":"Morocco"},{"value":"Mozambique","label":"Mozambique"},{"value":"Namibia","label":"Namibia"},{"value":"Nauru","label":"Nauru"},{"value":"Nepal","label":"Nepal"},{"value":"Netherlands","label":"Netherlands"},{"value":"Netherlands Antilles","label":"Netherlands Antilles"},{"value":"New Caledonia","label":"New Caledonia"},{"value":"New Zealand","label":"New Zealand"},{"value":"Nicaragua","label":"Nicaragua"},{"value":"Niger","label":"Niger"},{"value":"Nigeria","label":"Nigeria"},{"value":"Niue","label":"Niue"},{"value":"Norfolk Island","label":"Norfolk Island"},{"value":"Norway","label":"Norway"},{"value":"Oman","label":"Oman"},{"value":"Pakistan","label":"Pakistan"},{"value":"Palestinian Territory, Occupied","label":"Palestinian Territory, Occupied"},{"value":"Panama","label":"Panama"},{"value":"Papua New Guinea","label":"Papua New Guinea"},{"value":"Paraguay","label":"Paraguay"},{"value":"Peru","label":"Peru"},{"value":"Philippines","label":"Philippines"},{"value":"Pitcairn","label":"Pitcairn"},{"value":"Poland","label":"Poland"},{"value":"Portugal","label":"Portugal"},{"value":"Qatar","label":"Qatar"},{"value":"Republic of Cameroon","label":"Republic of Cameroon"},{"value":"Reunion","label":"Reunion"},{"value":"Romania","label":"Romania"},{"value":"Russia","label":"Russia"},{"value":"Rwanda","label":"Rwanda"},{"value":"Saint Barthélemy","label":"Saint Barthélemy"},{"value":"Saint Helena","label":"Saint Helena"},{"value":"Saint Kitts And Nevis","label":"Saint Kitts And Nevis"},{"value":"Saint Lucia","label":"Saint Lucia"},{"value":"Saint Martin","label":"Saint Martin"},{"value":"Saint Pierre And Miquelon","label":"Saint Pierre And Miquelon"},{"value":"Samoa","label":"Samoa"},{"value":"San Marino","label":"San Marino"},{"value":"Sao Tome And Principe","label":"Sao Tome And Principe"},{"value":"Saudi Arabia","label":"Saudi Arabia"},{"value":"Senegal","label":"Senegal"},{"value":"Serbia","label":"Serbia"},{"value":"Seychelles","label":"Seychelles"},{"value":"Sierra Leone","label":"Sierra Leone"},{"value":"Singapore","label":"Singapore"},{"value":"Slovakia","label":"Slovakia"},{"value":"Slovenia","label":"Slovenia"},{"value":"Solomon Islands","label":"Solomon Islands"},{"value":"Somalia","label":"Somalia"},{"value":"South Africa","label":"South Africa"},{"value":"South Georgia And The South Sandwich Islands","label":"South Georgia And The South Sandwich Islands"},{"value":"South Korea","label":"South Korea"},{"value":"Spain","label":"Spain"},{"value":"Sri Lanka","label":"Sri Lanka"},{"value":"St. Vincent","label":"St. Vincent"},{"value":"Sudan","label":"Sudan"},{"value":"Suriname","label":"Suriname"},{"value":"Svalbard And Jan Mayen","label":"Svalbard And Jan Mayen"},{"value":"Swaziland","label":"Swaziland"},{"value":"Sweden","label":"Sweden"},{"value":"Switzerland","label":"Switzerland"},{"value":"Syria","label":"Syria"},{"value":"Taiwan","label":"Taiwan"},{"value":"Tajikistan","label":"Tajikistan"},{"value":"Tanzania, United Republic Of","label":"Tanzania, United Republic Of"},{"value":"Thailand","label":"Thailand"},{"value":"Timor Leste","label":"Timor Leste"},{"value":"Togo","label":"Togo"},{"value":"Tokelau","label":"Tokelau"},{"value":"Tonga","label":"Tonga"},{"value":"Trinidad and Tobago","label":"Trinidad and Tobago"},{"value":"Tunisia","label":"Tunisia"},{"value":"Turkey","label":"Turkey"},{"value":"Turkmenistan","label":"Turkmenistan"},{"value":"Turks and Caicos Islands","label":"Turks and Caicos Islands"},{"value":"Tuvalu","label":"Tuvalu"},{"value":"Uganda","label":"Uganda"},{"value":"Ukraine","label":"Ukraine"},{"value":"United Arab Emirates","label":"United Arab Emirates"},{"value":"United Kingdom","label":"United Kingdom"},{"value":"United States","label":"United States"},{"value":"United States Minor Outlying Islands","label":"United States Minor Outlying Islands"},{"value":"Uruguay","label":"Uruguay"},{"value":"Uzbekistan","label":"Uzbekistan"},{"value":"Vanuatu","label":"Vanuatu"},{"value":"Venezuela","label":"Venezuela"},{"value":"Virgin Islands, British","label":"Virgin Islands, British"},{"value":"Wallis And Futuna","label":"Wallis And Futuna"},{"value":"Western Sahara","label":"Western Sahara"},{"value":"Yemen","label":"Yemen"},{"value":"Zambia","label":"Zambia"},{"value":"Zimbabwe","label":"Zimbabwe"}],"default":"Canada"},{"type":"paragraph","content":"If your customer is logged-in, the country in his default shipping address will be selected. If you are not sure about the spelling to use above, refer to your first checkout page."}]},{"name":"Search","settings":[{"type":"header","content":"Search result page pagination"},{"type":"select","id":"search_grid","label":"Search per row (grid only)","default":"4","options":[{"value":"1","label":"1"},{"value":"2","label":"2"},{"value":"3","label":"3"},{"value":"4","label":"4"},{"value":"5","label":"5"}]},{"type":"select","id":"search_results_per_page","label":"Products per page","default":"12","options":[{"value":"8","label":"8"},{"value":"12","label":"12"},{"value":"24","label":"24"},{"value":"36","label":"36"},{"value":"100","label":"100"}]},{"type":"select","id":"search_model","label":"Search model","default":"search_type1","options":[{"value":"search_type1","label":"Style 1"},{"value":"search_type2","label":"Style 2"},{"value":"search_type3","label":"Style 3"}]},{"type":"checkbox","id":"display_fixtop_menu","label":"Display Search on Mobile Top?","default":true},{"type":"checkbox","id":"show_search_prt","label":"Show only product on search page","default":true},{"type":"header","content":"Trending"},{"type":"checkbox","id":"enable_search_trending","label":"Enable","default":true},{"type":"text","id":"trending_search_title","label":"Title","default":"trending","info":"==================="},{"type":"text","id":"trending_search_item_1","label":"Search Item 1","default":"dempus"},{"type":"text","id":"trending_search_item_2","label":"Search Item 2","default":"sample"},{"type":"text","id":"trending_search_item_3","label":"Search Item 3","default":"magnis"},{"type":"text","id":"trending_search_item_4","label":"Search Item 4","default":"loremous saliduar"},{"type":"text","id":"trending_search_item_5","label":"Search Item 5","default":"naminos"},{"type":"text","id":"trending_search_item_6","label":"Search Item 6","default":"dinterdum","info":"==================="},{"type":"header","content":"Popular Products"},{"type":"checkbox","id":"enable_search_popular_products","label":"Enable","default":true},{"type":"text","id":"popular_products_search_title","label":"Title","default":"Popular Products","info":"==================="},{"type":"collection","id":"popular_products_collection","label":"Collection to use","info":"==================="},{"type":"range","id":"popular_products_limit","label":"Number of new products to show","min":3,"max":6,"step":1,"default":3}]},{"name":"Newsletter","settings":[{"type":"checkbox","id":"display_popup_newsletter","label":"Display popup newsletter?","default":true},{"type":"checkbox","id":"pop_up_newsletter_img_show","label":"Popup newsletter image?","info":"Size: 700x400"},{"type":"image","id":"popup_newsletter_img.jpg"},{"type":"color","id":"popup_newsletter_bg","label":"Newsletter Inner Bg","default":"#fff"},{"type":"text","id":"popup_newsletter_title","label":"Newsletter Title","default":"Join Our Newsletter"},{"type":"text","id":"popup_newsletter_sub_title","label":"Newsletter Sub Title","default":"Huge Discount"},{"type":"textarea","id":"popup_newsletter_message","label":"Newsletter Message","default":"Get Upto 20% Off on your order"},{"type":"color","id":"popup_newsletter_title_color","label":"Newsletter Title Color","default":"#000"},{"type":"color","id":"popup_newsletter_text","label":"Newsletter Text Color","default":"#fff"},{"type":"color","id":"popup_newsletter_form","label":"Newsletter Form Bg","default":"#fff"},{"type":"color","id":"popup_newsletter_form_txt","label":"Newsletter Form Text Color","default":"#000"},{"type":"color","id":"popup_newsletter_form_txt_hvr","label":"Newsletter Form Text Hover","default":"#cca471"},{"type":"text","id":"form_note","label":"Newsletter Note","default":"Signup for exclusive updates, new arrivals & insider only discounts"},{"type":"checkbox","id":"popup_social_enable","label":"Show Social Links","default":true},{"type":"color","id":"social_link","label":"Social Link Color","default":"#000"},{"type":"color","id":"social_link_hover","label":"Social Link Hover","default":"#532798"}]},{"name":"Product Count Down","settings":[{"type":"header","content":"General Setting"},{"type":"checkbox","id":"count_down_enable","label":"Enable Product Count Down"},{"type":"checkbox","id":"count_down_home","label":"Enable Home Pages"},{"type":"checkbox","id":"count_down_collections","label":"Enable Collection Pages"},{"type":"checkbox","id":"count_down_prodetails","label":"Enable Product Detail Pages"},{"type":"checkbox","id":"prodetail_deal_label","label":"Deal Heading Enable?"},{"type":"text","id":"prodetail_deal_heading","label":"Deal heading","default":"Off Ends on"},{"type":"textarea","id":"home_productdeal_time","label":"Deal Time","info":"Product_ID@Time_end(month-day-Year_Hour:Minute:Second). Example: 421783601@10\/24\/2015_00:00:00 421783565@11\/24\/2015_00:00:00 421783465@12\/24\/2015_00:00:00"},{"type":"color","id":"dealbtn","label":"Deal Button","default":"#000"},{"type":"color","id":"dealbtn_text","label":"Deal Button Text","default":"#fff"}]},{"name":"Ask An Expert in Product Page","settings":[{"type":"checkbox","id":"enable_ask_an_expert","label":"Enable","default":true},{"type":"textarea","id":"ask_an_expert","label":"Text","default":"Have Questions? Ask An Expert"},{"type":"text","id":"ask_an_expert_header","label":"Header","default":"Have Questions?"},{"type":"textarea","id":"ask_an_expert_title","label":"Title","default":"Ask the Fashion Expert anything on Boutique"},{"type":"textarea","id":"ask_an_expert_des","label":"Descriptions","default":"We will follow up with you via email within 24-36 hours"},{"type":"textarea","id":"ask_an_expert_questions","label":"Text","default":"Please answer the following questionnaire"},{"type":"header","content":"Do You Need"},{"type":"checkbox","id":"enable_ask_do_you_need","label":"Enable","default":true},{"type":"textarea","id":"ask_do_you_need","label":"Label","default":"Do You Need"},{"type":"textarea","id":"ask_do_you_need_1","label":"Infor 1","default":"Pricing"},{"type":"textarea","id":"ask_do_you_need_2","label":"Infor 2","default":"Answers"},{"type":"textarea","id":"ask_do_you_need_3","label":"Infor 3","default":"Both"},{"type":"header","content":"Message"},{"type":"textarea","id":"ask_form_mess","label":"Label","default":"What can i help you with today ?"},{"type":"header","content":"How would you like me to contact you?"},{"type":"checkbox","id":"enable_how_would_you_like_me_to_contact_you","label":"Enable","default":true},{"type":"textarea","id":"how_would_you_like_me_to_contact_you","label":"Label","default":"How would you like me to contact you?"},{"type":"textarea","id":"contact_with_you_1","label":"Infor 1","default":"Phone"},{"type":"textarea","id":"contact_with_you_2","label":"Infor 2","default":"Email"},{"type":"textarea","id":"contact_with_you_3","label":"Infor 3","default":"Both"}]},{"name":"Social media","settings":[{"type":"header","content":"Accounts"},{"type":"text","id":"social_twitter_link","label":"Twitter","info":"https:\/\/twitter.com\/shopify"},{"type":"text","id":"social_facebook_link","label":"Facebook","info":"https:\/\/www.facebook.com\/shopify"},{"type":"text","id":"social_pinterest_link","label":"Pinterest","info":"https:\/\/www.pinterest.com\/shopify"},{"type":"text","id":"social_google_plus_link","label":"Google+","info":"https:\/\/plus.google.com\/+shopify"},{"type":"text","id":"social_instagram_link","label":"Instagram","info":"https:\/\/instagram.com\/shopify"},{"type":"text","id":"social_tumblr_link","label":"Tumblr","info":"http:\/\/shopify.tumblr.com"},{"type":"text","id":"social_youtube_link","label":"YouTube","info":"https:\/\/www.youtube.com\/user\/shopify"},{"type":"text","id":"social_vimeo_link","label":"Vimeo","info":"https:\/\/vimeo.com\/shopify"},{"type":"text","id":"social_fancy_link","label":"Fancy","info":"http:\/\/fancy.com\/shopify"},{"type":"text","id":"social_rss_link","label":"RSS","info":"http:\/\/store.myshopify.com\/blogs\/blogname.atom"},{"type":"text","id":"social_linkedin_link","label":"Fancy","info":"http:\/\/linkedin.com\/shopify"},{"type":"header","content":"Sharing"},{"type":"checkbox","id":"social_sharing_blog","label":"Enable blog post sharing"},{"type":"checkbox","id":"social_sharing_count","label":"Show number of shares","info":"Available for Facebook, Twitter, and Pinterest"},{"type":"checkbox","id":"share_facebook","label":"Share on Facebook"},{"type":"checkbox","id":"share_twitter","label":"Tweet on Twitter"},{"type":"checkbox","id":"share_pinterest","label":"Pin on Pinterest"},{"type":"checkbox","id":"share_google","label":"+1 on Google Plus"},{"type":"select","id":"social_sharing_style","label":"Button style","options":[{"value":"normal","label":"Normal"},{"value":"is-clean","label":"Clean"}]}]},{"name":"Money options","settings":[{"type":"checkbox","id":"enable_shopify_payments_currencies","label":"Enalble Shopify Payments?","info":"* Only avaiable for store has Shopify Payments. Link [here](https:\/\/help.shopify.com\/en\/manual\/payments\/shopify-payments\/multi-currency\/setup) Don't choose both of 3 options. Don't choose Shopify payment with other options. "},{"type":"checkbox","id":"enable_multiple_currencies","label":"Enable Multiple Currencies?"},{"type":"checkbox","id":"enable_auto_currency","label":"Enable Automatic currency?"},{"type":"text","id":"currency_1_unit","label":"Currency 1 unit Text","default":"AUD"},{"type":"image","id":"i-currency-1.png","label":"Currency 1 unit Icon"},{"type":"text","id":"currency_2_unit","label":"Currency 2 unit Text","default":"EUR"},{"type":"image","id":"i-currency-2.png","label":"Currency 2 unit Icon"},{"type":"text","id":"currency_3_unit","label":"Currency 3 unit Text","default":"GBP"},{"type":"image","id":"i-currency-3.png","label":"Currency 3 unit Icon"},{"type":"text","id":"currency_4_unit","label":"Currency 4 unit Text","default":"USD"},{"type":"image","id":"i-currency-4.png","label":"Currency 4 unit Icon"},{"type":"text","id":"currency_5_unit","label":"Currency 5 unit Text"},{"type":"image","id":"i-currency-5.png","label":"Currency 5 unit Icon"},{"type":"text","id":"currency_6_unit","label":"Currency 6 unit Text"},{"type":"image","id":"i-currency-6.png","label":"Currency 6 unit Icon"},{"type":"text","id":"currency_7_unit","label":"Currency 7 unit Text"},{"type":"image","id":"i-currency-7.png","label":"Currency 7 unit Icon"},{"type":"text","id":"currency_8_unit","label":"Currency 8 unit Text"},{"type":"image","id":"i-currency-8.png","label":"Currency 8 unit Icon"},{"type":"text","id":"currency_9_unit","label":"Currency 9 unit Text"},{"type":"image","id":"i-currency-9.png","label":"Currency 9 unit Icon"},{"type":"text","id":"currency_10_unit","label":"Currency 10 unit Text"},{"type":"image","id":"i-currency-10.png","label":"Currency 10 unit Icon"},{"type":"paragraph","content":"Separate your currency codes with a space. Use the ISO 4217 3-letter currency code. Click [here](http:\/\/www.xe.com\/iso4217.php) for a complete list of currency codes. Example: CAD USD."},{"type":"paragraph","content":"* For this functionality to work in your shop, you are required to edit your money formats as per [these instructions](http:\/\/wiki.shopify.com\/How_to_Show_Multiple_Currencies#Do_tell_where_the_money_is) (“Do tell where the money is”)."}]},{"name":"Password Page","settings":[{"type":"checkbox","id":"password_bg_img","label":"Background image"},{"type":"image","id":"password_bg_img.jpg"},{"type":"checkbox","id":"password_logo","label":"Logo image"},{"type":"image","id":"password_logo.png"},{"type":"color","id":"logo_txt_color","label":"Logo Text Color","default":"#ffffff"},{"type":"text","id":"pwd_header","label":"Heading","default":"Opening Soon"},{"type":"color","id":"pwd_header_color","label":"Heading Color","default":"#ffffff"},{"type":"checkbox","id":"pwd_show_share_buttons","label":"Show social sharing buttons","default":true},{"type":"text","id":"pwd_social_message","label":"Social sharing buttons heading","default":"Spread the word"},{"type":"checkbox","id":"pwd_newsletter_enable","label":"Show newsletter signup","default":true},{"type":"text","id":"pwd_newsletter_form_heading","label":"Newsletter form heading","default":"Be the first to know when we launch.","info":"[Tell your visitors about a launch day discount](https:\/\/www.shopify.ca\/blog\/15514000-14-ways-to-use-offers-coupons-discounts-and-deals-to-drive-revenue-and-customer-loyalty)."},{"type":"color","id":"pwd_newsletter_form_heading_clr","label":"Form Heading Color","default":"#ffffff"},{"type":"color","id":"pwd_newsletter_inpt_bg","label":"Input Bg Color","default":"#ffffff"},{"type":"color","id":"pwd_newsletter_btn_bg","label":"Button Bg Color","default":"#ffffff"},{"type":"color","id":"pwd_newsletter_btn_txt","label":"Button Text Color","default":"#ffffff"},{"type":"color","id":"pwd_newsletter_btn_hoverbg","label":"Button Hover Bg Color","default":"#ffffff"},{"type":"color","id":"pwd_newsletter_btn_hovertxt","label":"Button Hover Text Color","default":"#ffffff"},{"type":"color","id":"pwd_placeholder_txt","label":"Placeholder Text Color","default":"#ffffff"},{"type":"text","id":"pwd_newsletter_placeholder","label":"Newsletter placeholder text","default":"Email address"},{"type":"text","id":"pwd_newsletter_button_text","label":"Newsletter button text","default":"Notify me"},{"type":"color","id":"social_title_clr","label":"Social Title Color","default":"#fff"},{"type":"color","id":"social_icon_clr","label":"Social Icon Color","default":"#fff"},{"type":"color","id":"social__icon_hoverclr","label":"Social Icon Hover Color","default":"#fff"}]}]